OBJECTID,PALIKA,DISTRICT,GAPA_NAPA,GN_TYPE,PROVINCE,CBS_ID,HLCIT_ID,PCODE
1,Aathrai Tribeni Gaunpalika,TAPLEJUNG,Aathrai Tribeni,Gaunpalika,1,10105.0,524 1 01 4 006,NP0101406
2,Maiwakhola Gaunpalika,TAPLEJUNG,Maiwakhola,Gaunpalika,1,10104.0,524 1 01 4 005,NP0101405
3,Meringden Gaunpalika,TAPLEJUNG,Meringden,Gaunpalika,1,10103.0,524 1 01 4 004,NP0101404
4,Mikwakhola Gaunpalika,TAPLEJUNG,Mikwakhola,Gaunpalika,1,10102.0,524 1 01 4 002,NP0101402
5,Phaktanglung Gaunpalika,TAPLEJUNG,Phaktanglung,Gaunpalika,1,10101.0,524 1 01 4 001,NP0101401
6,Phungling Nagarpalika,TAPLEJUNG,Phungling,Nagarpalika,1,10106.0,524 1 01 3 001,NP0101301
7,Sidingba Gaunpalika,TAPLEJUNG,Sidingba,Gaunpalika,1,10109.0,524 1 01 4 008,NP0101408
8,Sirijangha Gaunpalika,TAPLEJUNG,Sirijangha,Gaunpalika,1,10108.0,524 1 01 4 003,NP0101403
9,Pathibhara Yangwarak Gaunpalika,TAPLEJUNG,Pathibhara Yangwarak,Gaunpalika,1,10107.0,524 1 01 4 007,NP0101407
10,Falelung Gaunpalika,PANCHTHAR,Falelung,Gaunpalika,1,10903.0,524 1 02 4 003,NP0102403
11,Falgunanda Gaunpalika,PANCHTHAR,Falgunanda,Gaunpalika,1,10905.0,524 1 02 4 005,NP0102405
12,Hilihang Gaunpalika,PANCHTHAR,Hilihang,Gaunpalika,1,10902.0,524 1 02 4 001,NP0102401
13,Kummayak Gaunpalika,PANCHTHAR,Kummayak,Gaunpalika,1,10906.0,524 1 02 4 004,NP0102404
14,Miklajung Gaunpalika,PANCHTHAR,Miklajung,Gaunpalika,1,10908.0,524 1 02 4 007,NP0102407
15,Phidim Nagarpalika,PANCHTHAR,Phidim,Nagarpalika,1,10904.0,524 1 02 3 001,NP0102301
16,Tumbewa Gaunpalika,PANCHTHAR,Tumbewa,Gaunpalika,1,10907.0,524 1 02 4 006,NP0102406
17,Yangwarak Gaunpalika,PANCHTHAR,Yangwarak,Gaunpalika,1,10901.0,524 1 02 4 002,NP0102402
18,Chulachuli Gaunpalika,ILAM,Chulachuli,Gaunpalika,1,11007.0,524 1 03 4 004,NP0103404
19,Deumai Nagarpalika,ILAM,Deumai,Nagarpalika,1,11004.0,524 1 03 3 001,NP0103301
20,Fakphokthum Gaunpalika,ILAM,Fakphokthum,Gaunpalika,1,11005.0,524 1 03 4 001,NP0103401
21,Illam Nagarpalika,ILAM,Illam,Nagarpalika,1,11003.0,524 1 03 3 002,NP0103302
22,Mai Nagarpalika,ILAM,Mai,Nagarpalika,1,11008.0,524 1 03 3 004,NP0103304
23,Maijogmai Gaunpalika,ILAM,Maijogmai,Gaunpalika,1,11001.0,524 1 03 4 003,NP0103403
24,Mangsebung Gaunpalika,ILAM,Mangsebung,Gaunpalika,1,11006.0,524 1 03 4 005,NP0103405
25,Rong Gaunpalika,ILAM,Rong,Gaunpalika,1,11010.0,524 1 03 4 006,NP0103406
26,Sandakpur Gaunpalika,ILAM,Sandakpur,Gaunpalika,1,11002.0,524 1 03 4 002,NP0103402
27,Suryodaya Nagarpalika,ILAM,Suryodaya,Nagarpalika,1,11009.0,524 1 03 3 003,NP0103303
28,Arjundhara Nagarpalika,JHAPA,Arjundhara,Nagarpalika,1,11103.0,524 1 04 3 004,NP0104304
29,Barhadashi Gaunpalika,JHAPA,Barhadashi,Gaunpalika,1,11111.0,524 1 04 4 005,NP0104405
30,Bhadrapur Nagarpalika,JHAPA,Bhadrapur,Nagarpalika,1,11114.0,524 1 04 3 008,NP0104308
31,Birtamod Nagarpalika,JHAPA,Birtamod,Nagarpalika,1,11112.0,524 1 04 3 007,NP0104307
32,Buddhashanti Gaunpalika,JHAPA,Buddhashanti,Gaunpalika,1,11102.0,524 1 04 4 002,NP0104402
33,Damak Nagarpalika,JHAPA,Damak,Nagarpalika,1,11107.0,524 1 04 3 001,NP0104301
34,Gauradhaha Nagarpalika,JHAPA,Gauradhaha,Nagarpalika,1,11108.0,524 1 04 3 006,NP0104306
35,Gauriganj Gaunpalika,JHAPA,Gauriganj,Gaunpalika,1,11109.0,524 1 04 4 003,NP0104403
36,Haldibari Gaunpalika,JHAPA,Haldibari,Gaunpalika,1,11113.0,524 1 04 4 006,NP0104406
37,Jhapa Gaunpalika,JHAPA,Jhapa,Gaunpalika,1,11110.0,524 1 04 4 004,NP0104404
38,Kachankawal Gaunpalika,JHAPA,Kachankawal,Gaunpalika,1,11115.0,524 1 04 4 007,NP0104407
39,Kamal Gaunpalika,JHAPA,Kamal,Gaunpalika,1,11106.0,524 1 04 4 001,NP0104401
40,Kankai Nagarpalika,JHAPA,Kankai,Nagarpalika,1,11104.0,524 1 04 3 003,NP0104303
41,Mechinagar Nagarpalika,JHAPA,Mechinagar,Nagarpalika,1,11101.0,524 1 04 3 005,NP0104305
42,Shivasataxi Nagarpalika,JHAPA,Shivasataxi,Nagarpalika,1,11105.0,524 1 04 3 002,NP0104302
43,Belbari Nagarpalika,MORANG,Belbari,Nagarpalika,1,11205.0,524 1 05 3 003,NP0105303
44,Biratnagar Mahanagarpalika,MORANG,Biratnagar,Mahanagarpalika,1,11214.0,524 1 05 1 001,NP0105101
45,Budhiganga Gaunpalika,MORANG,Budhiganga,Gaunpalika,1,11213.0,524 1 05 4 004,NP0105404
46,Dhanpalthan Gaunpalika,MORANG,Dhanpalthan,Gaunpalika,1,11216.0,524 1 05 4 008,NP0105408
47,Gramthan Gaunpalika,MORANG,Gramthan,Gaunpalika,1,11212.0,524 1 05 4 005,NP0105405
48,Jahada Gaunpalika,MORANG,Jahada,Gaunpalika,1,11217.0,524 1 05 4 007,NP0105407
49,Kanepokhari Gaunpalika,MORANG,Kanepokhari,Gaunpalika,1,11206.0,524 1 05 4 003,NP0105403
50,Katahari Gaunpalika,MORANG,Katahari,Gaunpalika,1,11215.0,524 1 05 4 006,NP0105406
51,Kerabari Gaunpalika,MORANG,Kerabari,Gaunpalika,1,11203.0,524 1 05 4 001,NP0105401
52,Letang Nagarpalika,MORANG,Letang,Nagarpalika,1,11202.0,524 1 05 3 001,NP0105301
53,Miklajung Gaunpalika,MORANG,Miklajung,Gaunpalika,1,11201.0,524 1 05 4 002,NP0105402
54,Patahrishanishchare Nagarpalika,MORANG,Patahrishanishchare,Nagarpalika,1,11207.0,524 1 05 3 004,NP0105304
55,Rangeli Nagarpalika,MORANG,Rangeli,Nagarpalika,1,11211.0,524 1 05 3 006,NP0105306
56,Ratuwamai Nagarpalika,MORANG,Ratuwamai,Nagarpalika,1,11209.0,524 1 05 3 008,NP0105308
57,Sundarharaicha Nagarpalika,MORANG,Sundarharaicha,Nagarpalika,1,11204.0,524 1 05 3 002,NP0105302
58,Sunwarshi Nagarpalika,MORANG,Sunwarshi,Nagarpalika,1,11210.0,524 1 05 3 007,NP0105307
59,Uralabari Nagarpalika,MORANG,Uralabari,Nagarpalika,1,11208.0,524 1 05 3 005,NP0105305
60,Barah Nagarpalika,SUNSARI,Barah,Nagarpalika,1,11302.0,524 1 06 3 001,NP0106301
61,Barju Gaunpalika,SUNSARI,Barju,Gaunpalika,1,11312.0,524 1 06 4 006,NP0106406
62,Bhokraha Narsingh Gaunpalika,SUNSARI,Bhokraha Narsingh,Gaunpalika,1,11304.0,524 1 06 4 002,NP0106402
63,Dewanganj Gaunpalika,SUNSARI,Dewanganj,Gaunpalika,1,11311.0,524 1 06 4 005,NP0106405
64,Dharan Upamahanagarpalika,SUNSARI,Dharan,Upamahanagarpalika,1,11301.0,524 1 06 2 001,NP0106201
65,Duhabi Nagarpalika,SUNSARI,Duhabi,Nagarpalika,1,11307.0,524 1 06 3 004,NP0106304
66,Gadhi Gaunpalika,SUNSARI,Gadhi,Gaunpalika,1,11308.0,524 1 06 4 003,NP0106403
67,Harinagar Gaunpalika,SUNSARI,Harinagar,Gaunpalika,1,11310.0,524 1 06 4 004,NP0106404
68,Inaruwa Nagarpalika,SUNSARI,Inaruwa,Nagarpalika,1,11309.0,524 1 06 3 003,NP0106303
69,Itahari Upamahanagarpalika,SUNSARI,Itahari,Upamahanagarpalika,1,11306.0,524 1 06 2 002,NP0106202
70,Koshi Gaunpalika,SUNSARI,Koshi,Gaunpalika,1,11303.0,524 1 06 4 001,NP0106401
71,Ramdhuni Nagarpalika,SUNSARI,Ramdhuni,Nagarpalika,1,11305.0,524 1 06 3 002,NP0106302
72,Koshi Tappu Wildlife Reserve,SUNSARI,Koshi Tappu Wildlife Reserve,Wildlife Reserve,1,,524 1 06 5 995,NP0106595
73,Chaubise Gaunpalika,DHANKUTA,Chaubise,Gaunpalika,1,10707.0,524 1 07 4 004,NP0107404
74,Chhathar Jorpati Gaunpalika,DHANKUTA,Chhathar Jorpati,Gaunpalika,1,10703.0,524 1 07 4 002,NP0107402
75,Dhankuta Nagarpalika,DHANKUTA,Dhankuta,Nagarpalika,1,10704.0,524 1 07 3 003,NP0107303
76,Shahidbhumi Gaunpalika,DHANKUTA,Shahidbhumi,Gaunpalika,1,10705.0,524 1 07 4 001,NP0107401
77,Mahalaxmi Nagarpalika,DHANKUTA,Mahalaxmi,Nagarpalika,1,10701.0,524 1 07 3 001,NP0107301
78,Pakhribas Nagarpalika,DHANKUTA,Pakhribas,Nagarpalika,1,10702.0,524 1 07 3 002,NP0107302
79,Sangurigadhi Gaunpalika,DHANKUTA,Sangurigadhi,Gaunpalika,1,10706.0,524 1 07 4 003,NP0107403
80,Aathrai Gaunpalika,TERHATHUM,Aathrai,Gaunpalika,1,10801.0,524 1 08 4 003,NP0108403
81,Chhathar Gaunpalika,TERHATHUM,Chhathar,Gaunpalika,1,10806.0,524 1 08 4 004,NP0108404
82,Laligurans Nagarpalika,TERHATHUM,Laligurans,Nagarpalika,1,10805.0,524 1 08 3 001,NP0108301
83,Menchayam Gaunpalika,TERHATHUM,Menchayam,Gaunpalika,1,10803.0,524 1 08 4 001,NP0108401
84,Myanglung Nagarpalika,TERHATHUM,Myanglung,Nagarpalika,1,10804.0,524 1 08 3 002,NP0108302
85,Phedap Gaunpalika,TERHATHUM,Phedap,Gaunpalika,1,10802.0,524 1 08 4 002,NP0108402
86,Bhotkhola Gaunpalika,SANKHUWASABHA,Bhotkhola,Gaunpalika,1,10201.0,524 1 09 4 002,NP0109402
87,Chainpur Nagarpalika,SANKHUWASABHA,Chainpur,Nagarpalika,1,10208.0,524 1 09 3 003,NP0109303
88,Chichila Gaunpalika,SANKHUWASABHA,Chichila,Gaunpalika,1,10204.0,524 1 09 4 004,NP0109404
89,Dharmadevi Nagarpalika,SANKHUWASABHA,Dharmadevi,Nagarpalika,1,10210.0,524 1 09 3 004,NP0109304
90,Khandbari Nagarpalika,SANKHUWASABHA,Khandbari,Nagarpalika,1,10206.0,524 1 09 3 001,NP0109301
91,Madi Nagarpalika,SANKHUWASABHA,Madi,Nagarpalika,1,10209.0,524 1 09 3 005,NP0109305
92,Makalu Gaunpalika,SANKHUWASABHA,Makalu,Gaunpalika,1,10202.0,524 1 09 4 001,NP0109401
93,Panchakhapan Nagarpalika,SANKHUWASABHA,Panchakhapan,Nagarpalika,1,10207.0,524 1 09 3 002,NP0109302
94,Sabhapokhari Gaunpalika,SANKHUWASABHA,Sabhapokhari,Gaunpalika,1,10205.0,524 1 09 4 005,NP0109405
95,Silichong Gaunpalika,SANKHUWASABHA,Silichong,Gaunpalika,1,10203.0,524 1 09 4 003,NP0109403
96,Aamchowk Gaunpalika,BHOJPUR,Aamchowk,Gaunpalika,1,10609.0,524 1 10 4 006,NP0110406
97,Arun Gaunpalika,BHOJPUR,Arun,Gaunpalika,1,10605.0,524 1 10 4 003,NP0110403
98,Bhojpur Nagarpalika,BHOJPUR,Bhojpur,Nagarpalika,1,10604.0,524 1 10 3 002,NP0110302
99,Hatuwagadhi Gaunpalika,BHOJPUR,Hatuwagadhi,Gaunpalika,1,10608.0,524 1 10 4 007,NP0110407
100,Pauwadungma Gaunpalika,BHOJPUR,Pauwadungma,Gaunpalika,1,10606.0,524 1 10 4 005,NP0110405
101,Ramprasad Rai Gaunpalika,BHOJPUR,Ramprasad Rai,Gaunpalika,1,10607.0,524 1 10 4 004,NP0110404
102,Salpasilichho Gaunpalika,BHOJPUR,Salpasilichho,Gaunpalika,1,10602.0,524 1 10 4 001,NP0110401
103,Shadananda Nagarpalika,BHOJPUR,Shadananda,Nagarpalika,1,10601.0,524 1 10 3 001,NP0110301
104,Tyamkemaiyung Gaunpalika,BHOJPUR,Tyamkemaiyung,Gaunpalika,1,10603.0,524 1 10 4 002,NP0110402
105,Thulung Dudhkoshi Gaunpalika,SOLUKHUMBU,Thulung Dudhkoshi,Gaunpalika,1,10305.0,524 1 11 4 006,NP0111406
106,Dudhkoshi Gaunpalika,SOLUKHUMBU,Dudhkoshi,Gaunpalika,1,10304.0,524 1 11 4 004,NP0111404
107,Khumbupasanglahmu Gaunpalika,SOLUKHUMBU,Khumbupasanglahmu,Gaunpalika,1,10301.0,524 1 11 4 001,NP0111401
108,Likhupike Gaunpalika,SOLUKHUMBU,Likhupike,Gaunpalika,1,10308.0,524 1 11 4 003,NP0111403
109,Mahakulung Gaunpalika,SOLUKHUMBU,Mahakulung,Gaunpalika,1,10302.0,524 1 11 4 002,NP0111402
110,Nechasalyan Gaunpalika,SOLUKHUMBU,Nechasalyan,Gaunpalika,1,10306.0,524 1 11 4 005,NP0111405
111,Solududhakunda Nagarpalika,SOLUKHUMBU,Solududhakunda,Nagarpalika,1,10307.0,524 1 11 3 001,NP0111301
112,Sotang Gaunpalika,SOLUKHUMBU,Sotang,Gaunpalika,1,10303.0,524 1 11 4 007,NP0111407
113,Champadevi Gaunpalika,OKHALDHUNGA,Champadevi,Gaunpalika,1,10406.0,524 1 13 4 004,NP0113404
114,Chisankhugadhi Gaunpalika,OKHALDHUNGA,Chisankhugadhi,Gaunpalika,1,10401.0,524 1 13 4 006,NP0113406
115,Khijidemba Gaunpalika,OKHALDHUNGA,Khijidemba,Gaunpalika,1,10404.0,524 1 13 4 001,NP0113401
116,Likhu Gaunpalika,OKHALDHUNGA,Likhu,Gaunpalika,1,10405.0,524 1 13 4 002,NP0113402
117,Manebhanjyang Gaunpalika,OKHALDHUNGA,Manebhanjyang,Gaunpalika,1,10408.0,524 1 13 4 007,NP0113407
118,Molung Gaunpalika,OKHALDHUNGA,Molung,Gaunpalika,1,10403.0,524 1 13 4 003,NP0113403
119,Siddhicharan Nagarpalika,OKHALDHUNGA,Siddhicharan,Nagarpalika,1,10402.0,524 1 13 3 001,NP0113301
120,Sunkoshi Gaunpalika,OKHALDHUNGA,Sunkoshi,Gaunpalika,1,10407.0,524 1 13 4 005,NP0113405
121,Ainselukhark Gaunpalika,KHOTANG,Ainselukhark,Gaunpalika,1,10502.0,524 1 12 4 001,NP0112401
122,Barahapokhari Gaunpalika,KHOTANG,Barahapokhari,Gaunpalika,1,10510.0,524 1 12 4 007,NP0112407
123,Diprung Gaunpalika,KHOTANG,Diprung,Gaunpalika,1,10507.0,524 1 12 4 004,NP0112404
124,Halesi Tuwachung Nagarpalika,KHOTANG,Halesi Tuwachung,Nagarpalika,1,10504.0,524 1 12 3 001,NP0112301
125,Jantedhunga Gaunpalika,KHOTANG,Jantedhunga,Gaunpalika,1,10509.0,524 1 12 4 008,NP0112408
126,Kepilasagadhi Gaunpalika,KHOTANG,Kepilasagadhi,Gaunpalika,1,10501.0,524 1 12 4 002,NP0112402
127,Khotehang Gaunpalika,KHOTANG,Khotehang,Gaunpalika,1,10508.0,524 1 12 4 006,NP0112406
128,Rawa Besi Gaunpalika,KHOTANG,Rawa Besi,Gaunpalika,1,10503.0,524 1 12 4 003,NP0112403
129,Rupakot Majhuwagadhi Nagarpalika,KHOTANG,Rupakot Majhuwagadhi,Nagarpalika,1,10505.0,524 1 12 3 002,NP0112302
130,Sakela Gaunpalika,KHOTANG,Sakela,Gaunpalika,1,10506.0,524 1 12 4 005,NP0112405
131,Belaka Nagarpalika,UDAYAPUR,Belaka,Nagarpalika,1,11401.0,524 1 14 3 004,NP0114304
132,Chaudandigadhi Nagarpalika,UDAYAPUR,Chaudandigadhi,Nagarpalika,1,11402.0,524 1 14 3 003,NP0114303
133,Katari Nagarpalika,UDAYAPUR,Katari,Nagarpalika,1,11407.0,524 1 14 3 001,NP0114301
134,Rautamai Gaunpalika,UDAYAPUR,Rautamai,Gaunpalika,1,11404.0,524 1 14 4 004,NP0114404
135,Sunkoshi Gaunpalika,UDAYAPUR,Sunkoshi,Gaunpalika,1,11405.0,524 1 14 4 002,NP0114402
136,Tapli Gaunpalika,UDAYAPUR,Tapli,Gaunpalika,1,11406.0,524 1 14 4 001,NP0114401
137,Triyuga Nagarpalika,UDAYAPUR,Triyuga,Nagarpalika,1,11403.0,524 1 14 3 002,NP0114302
138,Udayapurgadhi Gaunpalika,UDAYAPUR,Udayapurgadhi,Gaunpalika,1,11408.0,524 1 14 4 003,NP0114403
139,Koshi Tappu Wildlife Reserve,UDAYAPUR,Koshi Tappu Wildlife Reserve,Wildlife Reserve,1,,524 1 14 5 995,NP0114595
140,Agnisair Krishna Savaran Gaunpalika,SAPTARI,Agnisair Krishna Savaran,Gaunpalika,2,20103.0,524 2 15 4 002,NP0215402
141,Balan Bihul Gaunpalika,SAPTARI,Balan Bihul,Gaunpalika,2,20108.0,524 2 15 4 004,NP0215404
142,Belhi Chapena Gaunpalika,SAPTARI,Belhi Chapena,Gaunpalika,2,20111.0,524 2 15 4 006,NP0215406
143,Bishnupur Gaunpalika,SAPTARI,Bishnupur,Gaunpalika,2,20112.0,524 2 15 4 007,NP0215407
144,Bode Barsain Nagarpalika,SAPTARI,Bode Barsain,Nagarpalika,2,20109.0,524 2 15 3 006,NP0215306
145,Chhinnamasta Gaunpalika,SAPTARI,Chhinnamasta,Gaunpalika,2,20118.0,524 2 15 4 008,NP0215408
146,Dakneshwori Nagarpalika,SAPTARI,Dakneshwori,Nagarpalika,2,20110.0,524 2 15 3 007,NP0215307
147,Hanumannagar Kankalini Nagarpalika,SAPTARI,Hanumannagar Kankalini,Nagarpalika,2,20116.0,524 2 15 3 009,NP0215309
148,Kanchanrup Nagarpalika,SAPTARI,Kanchanrup,Nagarpalika,2,20102.0,524 2 15 3 005,NP0215305
149,Khadak Nagarpalika,SAPTARI,Khadak,Nagarpalika,2,20106.0,524 2 15 3 002,NP0215302
150,Mahadeva Gaunpalika,SAPTARI,Mahadeva,Gaunpalika,2,20114.0,524 2 15 4 005,NP0215405
151,Rajbiraj Nagarpalika,SAPTARI,Rajbiraj,Nagarpalika,2,20113.0,524 2 15 3 008,NP0215308
152,Rupani Gaunpalika,SAPTARI,Rupani,Gaunpalika,2,20104.0,524 2 15 4 001,NP0215401
153,Saptakoshi Nagarpalika,SAPTARI,Saptakoshi,Nagarpalika,2,20101.0,524 2 15 3 004,NP0215304
154,Shambhunath Nagarpalika,SAPTARI,Shambhunath,Nagarpalika,2,20105.0,524 2 15 3 003,NP0215303
155,Surunga Nagarpalika,SAPTARI,Surunga,Nagarpalika,2,20107.0,524 2 15 3 001,NP0215301
156,Tilathi Koiladi Gaunpalika,SAPTARI,Tilathi Koiladi,Gaunpalika,2,20117.0,524 2 15 4 009,NP0215409
157,Tirahut Gaunpalika,SAPTARI,Tirahut,Gaunpalika,2,20115.0,524 2 15 4 003,NP0215403
158,Koshi Tappu Wildlife Reserve,SAPTARI,Koshi Tappu Wildlife Reserve,Wildlife Reserve,2,,524 2 15 5 995,NP0215595
159,Arnama Gaunpalika,SIRAHA,Arnama,Gaunpalika,2,20209.0,524 2 16 4 003,NP0216403
160,Aurahi Gaunpalika,SIRAHA,Aurahi,Gaunpalika,2,20216.0,524 2 16 4 004,NP0216404
161,Bariyarpatti Gaunpalika,SIRAHA,Bariyarpatti,Gaunpalika,2,20215.0,524 2 16 4 005,NP0216405
162,Bhagawanpur Gaunpalika,SIRAHA,Bhagawanpur,Gaunpalika,2,20213.0,524 2 16 4 009,NP0216409
163,Bishnupur Gaunpalika,SIRAHA,Bishnupur,Gaunpalika,2,20208.0,524 2 16 4 002,NP0216402
164,Dhangadhimai Nagarpalika,SIRAHA,Dhangadhimai,Nagarpalika,2,20202.0,524 2 16 3 004,NP0216304
165,Golbazar Nagarpalika,SIRAHA,Golbazar,Nagarpalika,2,20203.0,524 2 16 3 003,NP0216303
166,Kalyanpur Nagarpalika,SIRAHA,Kalyanpur,Nagarpalika,2,20206.0,524 2 16 3 006,NP0216306
167,Karjanha Nagarpalika,SIRAHA,Karjanha,Nagarpalika,2,20205.0,524 2 16 3 001,NP0216301
168,Lahan Nagarpalika,SIRAHA,Lahan,Nagarpalika,2,20201.0,524 2 16 3 005,NP0216305
169,Laxmipur Patari Gaunpalika,SIRAHA,Laxmipur Patari,Gaunpalika,2,20211.0,524 2 16 4 006,NP0216406
170,Mirchaiya Nagarpalika,SIRAHA,Mirchaiya,Nagarpalika,2,20204.0,524 2 16 3 002,NP0216302
171,Naraha Gaunpalika,SIRAHA,Naraha,Gaunpalika,2,20207.0,524 2 16 4 001,NP0216401
172,Nawarajpur Gaunpalika,SIRAHA,Nawarajpur,Gaunpalika,2,20214.0,524 2 16 4 007,NP0216407
173,Sakhuwanankarkatti Gaunpalika,SIRAHA,Sakhuwanankarkatti,Gaunpalika,2,20212.0,524 2 16 4 008,NP0216408
174,Siraha Nagarpalika,SIRAHA,Siraha,Nagarpalika,2,20217.0,524 2 16 3 008,NP0216308
175,Sukhipur Nagarpalika,SIRAHA,Sukhipur,Nagarpalika,2,20210.0,524 2 16 3 007,NP0216307
176,Aaurahi Gaunpalika,DHANUSHA,Aaurahi,Gaunpalika,2,20314.0,524 2 17 4 003,NP0217403
177,Bateshwor Gaunpalika,DHANUSHA,Bateshwor,Gaunpalika,2,20304.0,524 2 17 4 001,NP0217401
178,Bideha Nagarpalika,DHANUSHA,Bideha,Nagarpalika,2,20313.0,524 2 17 3 010,NP0217310
179,Chhireshwornath Nagarpalika,DHANUSHA,Chhireshwornath,Nagarpalika,2,20305.0,524 2 17 3 003,NP0217303
180,Dhanauji Gaunpalika,DHANUSHA,Dhanauji,Gaunpalika,2,20316.0,524 2 17 4 004,NP0217404
181,Dhanusadham Nagarpalika,DHANUSHA,Dhanusadham,Nagarpalika,2,20302.0,524 2 17 3 004,NP0217304
182,Ganeshman Charnath Nagarpalika,DHANUSHA,Ganeshman Charnath,Nagarpalika,2,20301.0,524 2 17 3 002,NP0217302
183,Hansapur Nagarpalika,DHANUSHA,Hansapur,Nagarpalika,2,20308.0,524 2 17 3 007,NP0217307
184,Janaknandani Gaunpalika,DHANUSHA,Janaknandani,Gaunpalika,2,20312.0,524 2 17 4 006,NP0217406
185,Janakpur Upamahanagarpalika,DHANUSHA,Janakpur,Upamahanagarpalika,2,20315.0,524 2 17 2 001,NP0217201
186,Kamala Nagarpalika,DHANUSHA,Kamala,Nagarpalika,2,20311.0,524 2 17 3 011,NP0217311
187,Lakshminiya Gaunpalika,DHANUSHA,Lakshminiya,Gaunpalika,2,20306.0,524 2 17 4 002,NP0217402
188,Mithila Nagarpalika,DHANUSHA,Mithila,Nagarpalika,2,20303.0,524 2 17 3 001,NP0217301
189,Mithila Bihari Nagarpalika,DHANUSHA,Mithila Bihari,Nagarpalika,2,20307.0,524 2 17 3 005,NP0217305
190,Mukhiyapatti Musarmiya Gaunpalika,DHANUSHA,Mukhiyapatti Musarmiya,Gaunpalika,2,20318.0,524 2 17 4 005,NP0217405
191,Nagarain Nagarpalika,DHANUSHA,Nagarain,Nagarpalika,2,20317.0,524 2 17 3 009,NP0217309
192,Sabaila Nagarpalika,DHANUSHA,Sabaila,Nagarpalika,2,20309.0,524 2 17 3 006,NP0217306
193,Sahidnagar Nagarpalika,DHANUSHA,Sahidnagar,Nagarpalika,2,20310.0,524 2 17 3 008,NP0217308
194,Aurahi Nagarpalika,MAHOTTARI,Aurahi,Nagarpalika,2,20404.0,524 2 18 3 003,NP0218303
195,Balwa Nagarpalika,MAHOTTARI,Balwa,Nagarpalika,2,20407.0,524 2 18 3 007,NP0218307
196,Bardibas Nagarpalika,MAHOTTARI,Bardibas,Nagarpalika,2,20401.0,524 2 18 3 001,NP0218301
197,Bhangaha Nagarpalika,MAHOTTARI,Bhangaha,Nagarpalika,2,20405.0,524 2 18 3 004,NP0218304
198,Ekdanra Gaunpalika,MAHOTTARI,Ekdanra,Gaunpalika,2,20411.0,524 2 18 4 003,NP0218403
199,Gaushala Nagarpalika,MAHOTTARI,Gaushala,Nagarpalika,2,20402.0,524 2 18 3 002,NP0218302
200,Jaleswor Nagarpalika,MAHOTTARI,Jaleswor,Nagarpalika,2,20415.0,524 2 18 3 009,NP0218309
201,Loharpatti Nagarpalika,MAHOTTARI,Loharpatti,Nagarpalika,2,20406.0,524 2 18 3 008,NP0218308
202,Mahottari Gaunpalika,MAHOTTARI,Mahottari,Gaunpalika,2,20412.0,524 2 18 4 004,NP0218404
203,Manra Siswa Nagarpalika,MAHOTTARI,Manra Siswa,Nagarpalika,2,20410.0,524 2 18 3 006,NP0218306
204,Matihani Nagarpalika,MAHOTTARI,Matihani,Nagarpalika,2,20414.0,524 2 18 3 010,NP0218310
205,Pipra Gaunpalika,MAHOTTARI,Pipra,Gaunpalika,2,20413.0,524 2 18 4 005,NP0218405
206,Ramgopalpur Nagarpalika,MAHOTTARI,Ramgopalpur,Nagarpalika,2,20408.0,524 2 18 3 005,NP0218305
207,Samsi Gaunpalika,MAHOTTARI,Samsi,Gaunpalika,2,20409.0,524 2 18 4 002,NP0218402
208,Sonama Gaunpalika,MAHOTTARI,Sonama,Gaunpalika,2,20403.0,524 2 18 4 001,NP0218401
209,Bagmati Nagarpalika,SARLAHI,Bagmati,Nagarpalika,2,20503.0,524 2 19 3 001,NP0219301
210,Balara Nagarpalika,SARLAHI,Balara,Nagarpalika,2,20516.0,524 2 19 3 011,NP0219311
211,Barahathawa Nagarpalika,SARLAHI,Barahathawa,Nagarpalika,2,20504.0,524 2 19 3 004,NP0219304
212,Basbariya Gaunpalika,SARLAHI,Basbariya,Gaunpalika,2,20513.0,524 2 19 4 001,NP0219401
213,Bishnu Gaunpalika,SARLAHI,Bishnu,Gaunpalika,2,20518.0,524 2 19 4 008,NP0219408
214,Bramhapuri Gaunpalika,SARLAHI,Bramhapuri,Gaunpalika,2,20509.0,524 2 19 4 007,NP0219407
215,Chakraghatta Gaunpalika,SARLAHI,Chakraghatta,Gaunpalika,2,20512.0,524 2 19 4 004,NP0219404
216,Chandranagar Gaunpalika,SARLAHI,Chandranagar,Gaunpalika,2,20510.0,524 2 19 4 002,NP0219402
217,Dhankaul Gaunpalika,SARLAHI,Dhankaul,Gaunpalika,2,20514.0,524 2 19 4 003,NP0219403
218,Godaita Nagarpalika,SARLAHI,Godaita,Nagarpalika,2,20517.0,524 2 19 3 008,NP0219308
219,Haripur Nagarpalika,SARLAHI,Haripur,Nagarpalika,2,20505.0,524 2 19 3 005,NP0219305
220,Haripurwa Nagarpalika,SARLAHI,Haripurwa,Nagarpalika,2,20507.0,524 2 19 3 010,NP0219310
221,Hariwan Nagarpalika,SARLAHI,Hariwan,Nagarpalika,2,20502.0,524 2 19 3 002,NP0219302
222,Ishworpur Nagarpalika,SARLAHI,Ishworpur,Nagarpalika,2,20506.0,524 2 19 3 006,NP0219306
223,Kabilasi Nagarpalika,SARLAHI,Kabilasi,Nagarpalika,2,20511.0,524 2 19 3 007,NP0219307
224,Kaudena Gaunpalika,SARLAHI,Kaudena,Gaunpalika,2,20519.0,524 2 19 4 006,NP0219406
225,Lalbandi Nagarpalika,SARLAHI,Lalbandi,Nagarpalika,2,20501.0,524 2 19 3 003,NP0219303
226,Malangawa Nagarpalika,SARLAHI,Malangawa,Nagarpalika,2,20520.0,524 2 19 3 009,NP0219309
227,Parsa Gaunpalika,SARLAHI,Parsa,Gaunpalika,2,20508.0,524 2 19 4 009,NP0219409
228,Ramnagar Gaunpalika,SARLAHI,Ramnagar,Gaunpalika,2,20515.0,524 2 19 4 005,NP0219405
229,Dudhouli Nagarpalika,SINDHULI,Dudhouli,Nagarpalika,3,31101.0,524 3 20 3 002,NP0320302
230,Ghanglekh Gaunpalika,SINDHULI,Ghanglekh,Gaunpalika,3,31107.0,524 3 20 4 003,NP0320403
231,Golanjor Gaunpalika,SINDHULI,Golanjor,Gaunpalika,3,31104.0,524 3 20 4 005,NP0320405
232,Hariharpurgadhi Gaunpalika,SINDHULI,Hariharpurgadhi,Gaunpalika,3,31109.0,524 3 20 4 001,NP0320401
233,Kamalamai Nagarpalika,SINDHULI,Kamalamai,Nagarpalika,3,31105.0,524 3 20 3 001,NP0320301
234,Marin Gaunpalika,SINDHULI,Marin,Gaunpalika,3,31108.0,524 3 20 4 002,NP0320402
235,Phikkal Gaunpalika,SINDHULI,Phikkal,Gaunpalika,3,31102.0,524 3 20 4 007,NP0320407
236,Sunkoshi Gaunpalika,SINDHULI,Sunkoshi,Gaunpalika,3,31106.0,524 3 20 4 004,NP0320404
237,Tinpatan Gaunpalika,SINDHULI,Tinpatan,Gaunpalika,3,31103.0,524 3 20 4 006,NP0320406
238,Doramba Gaunpalika,RAMECHHAP,Doramba,Gaunpalika,3,31007.0,524 3 21 4 002,NP0321402
239,Gokulganga Gaunpalika,RAMECHHAP,Gokulganga,Gaunpalika,3,31002.0,524 3 21 4 003,NP0321403
240,Khadadevi Gaunpalika,RAMECHHAP,Khadadevi,Gaunpalika,3,31006.0,524 3 21 4 005,NP0321405
241,Likhu Tamakoshi Gaunpalika,RAMECHHAP,Likhu Tamakoshi,Gaunpalika,3,31003.0,524 3 21 4 006,NP0321406
242,Manthali Nagarpalika,RAMECHHAP,Manthali,Nagarpalika,3,31005.0,524 3 21 3 001,NP0321301
243,Ramechhap Nagarpalika,RAMECHHAP,Ramechhap,Nagarpalika,3,31004.0,524 3 21 3 002,NP0321302
244,Sunapati Gaunpalika,RAMECHHAP,Sunapati,Gaunpalika,3,31008.0,524 3 21 4 001,NP0321401
245,Umakunda Gaunpalika,RAMECHHAP,Umakunda,Gaunpalika,3,31001.0,524 3 21 4 004,NP0321404
246,Baiteshwor Gaunpalika,DOLAKHA,Baiteshwor,Gaunpalika,3,30104.0,524 3 22 4 004,NP0322404
247,Bhimeshwor Nagarpalika,DOLAKHA,Bhimeshwor,Nagarpalika,3,30109.0,524 3 22 3 001,NP0322301
248,Bigu Gaunpalika,DOLAKHA,Bigu,Gaunpalika,3,30102.0,524 3 22 4 001,NP0322401
249,Gaurishankar Gaunpalika,DOLAKHA,Gaurishankar,Gaunpalika,3,30101.0,524 3 22 4 002,NP0322402
250,Jiri Nagarpalika,DOLAKHA,Jiri,Nagarpalika,3,30105.0,524 3 22 3 002,NP0322302
251,Kalinchok Gaunpalika,DOLAKHA,Kalinchok,Gaunpalika,3,30103.0,524 3 22 4 003,NP0322403
252,Melung Gaunpalika,DOLAKHA,Melung,Gaunpalika,3,30107.0,524 3 22 4 006,NP0322406
253,Sailung Gaunpalika,DOLAKHA,Sailung,Gaunpalika,3,30108.0,524 3 22 4 005,NP0322405
254,Tamakoshi Gaunpalika,DOLAKHA,Tamakoshi,Gaunpalika,3,30106.0,524 3 22 4 007,NP0322407
255,Balefi Gaunpalika,SINDHUPALCHOK,Balefi,Gaunpalika,3,30208.0,524 3 23 4 006,NP0323406
256,Barhabise Nagarpalika,SINDHUPALCHOK,Barhabise,Nagarpalika,3,30209.0,524 3 23 3 003,NP0323303
257,Bhotekoshi Gaunpalika,SINDHUPALCHOK,Bhotekoshi,Gaunpalika,3,30201.0,524 3 23 4 004,NP0323404
258,Chautara SangachokGadhi Nagarpalika,SINDHUPALCHOK,Chautara SangachokGadhi,Nagarpalika,3,30207.0,524 3 23 3 002,NP0323302
259,Helambu Gaunpalika,SINDHUPALCHOK,Helambu,Gaunpalika,3,30204.0,524 3 23 4 001,NP0323401
260,Indrawati Gaunpalika,SINDHUPALCHOK,Indrawati,Gaunpalika,3,30206.0,524 3 23 4 005,NP0323405
261,Jugal Gaunpalika,SINDHUPALCHOK,Jugal,Gaunpalika,3,30202.0,524 3 23 4 003,NP0323403
262,Lisangkhu Pakhar Gaunpalika,SINDHUPALCHOK,Lisangkhu Pakhar,Gaunpalika,3,30211.0,524 3 23 4 009,NP0323409
263,Melamchi Nagarpalika,SINDHUPALCHOK,Melamchi,Nagarpalika,3,30205.0,524 3 23 3 001,NP0323301
264,Panchpokhari Thangpal Gaunpalika,SINDHUPALCHOK,Panchpokhari Thangpal,Gaunpalika,3,30203.0,524 3 23 4 002,NP0323402
265,Sunkoshi Gaunpalika,SINDHUPALCHOK,Sunkoshi,Gaunpalika,3,30212.0,524 3 23 4 007,NP0323407
266,Tripurasundari Gaunpalika,SINDHUPALCHOK,Tripurasundari,Gaunpalika,3,30210.0,524 3 23 4 008,NP0323408
267,Banepa Nagarpalika,KABHREPALANCHOK,Banepa,Nagarpalika,3,30904.0,524 3 24 3 002,NP0324302
268,Bethanchowk Gaunpalika,KABHREPALANCHOK,Bethanchowk,Gaunpalika,3,30910.0,524 3 24 4 003,NP0324403
269,Bhumlu Gaunpalika,KABHREPALANCHOK,Bhumlu,Gaunpalika,3,30902.0,524 3 24 4 001,NP0324401
270,Chaurideurali Gaunpalika,KABHREPALANCHOK,Chaurideurali,Gaunpalika,3,30901.0,524 3 24 4 002,NP0324402
271,Dhulikhel Nagarpalika,KABHREPALANCHOK,Dhulikhel,Nagarpalika,3,30905.0,524 3 24 3 003,NP0324303
272,Khanikhola Gaunpalika,KABHREPALANCHOK,Khanikhola,Gaunpalika,3,30913.0,524 3 24 4 006,NP0324406
273,Mahabharat Gaunpalika,KABHREPALANCHOK,Mahabharat,Gaunpalika,3,30912.0,524 3 24 4 007,NP0324407
274,Mandandeupur Nagarpalika,KABHREPALANCHOK,Mandandeupur,Nagarpalika,3,30903.0,524 3 24 3 001,NP0324301
275,Namobuddha Nagarpalika,KABHREPALANCHOK,Namobuddha,Nagarpalika,3,30908.0,524 3 24 3 006,NP0324306
276,Panauti Nagarpalika,KABHREPALANCHOK,Panauti,Nagarpalika,3,30909.0,524 3 24 3 005,NP0324305
277,Panchkhal Nagarpalika,KABHREPALANCHOK,Panchkhal,Nagarpalika,3,30906.0,524 3 24 3 004,NP0324304
278,Roshi Gaunpalika,KABHREPALANCHOK,Roshi,Gaunpalika,3,30911.0,524 3 24 4 004,NP0324404
279,Temal Gaunpalika,KABHREPALANCHOK,Temal,Gaunpalika,3,30907.0,524 3 24 4 005,NP0324405
280,Bagmati Gaunpalika,LALITPUR,Bagmati,Gaunpalika,3,30806.0,524 3 25 4 001,NP0325401
281,Godawari Nagarpalika,LALITPUR,Godawari,Nagarpalika,3,30803.0,524 3 25 3 001,NP0325301
282,Konjyosom Gaunpalika,LALITPUR,Konjyosom,Gaunpalika,3,30804.0,524 3 25 4 002,NP0325402
283,Lalitpur Mahanagarpalika,LALITPUR,Lalitpur,Mahanagarpalika,3,30802.0,524 3 25 1 001,NP0325101
284,Mahalaxmi Nagarpalika,LALITPUR,Mahalaxmi,Nagarpalika,3,30801.0,524 3 25 3 002,NP0325302
285,Mahankal Gaunpalika,LALITPUR,Mahankal,Gaunpalika,3,30805.0,524 3 25 4 003,NP0325403
286,Bhaktapur Nagarpalika,BHAKTAPUR,Bhaktapur,Nagarpalika,3,30702.0,524 3 26 3 003,NP0326303
287,Changunarayan Nagarpalika,BHAKTAPUR,Changunarayan,Nagarpalika,3,30701.0,524 3 26 3 002,NP0326302
288,Madhyapur Thimi Nagarpalika,BHAKTAPUR,Madhyapur Thimi,Nagarpalika,3,30703.0,524 3 26 3 001,NP0326301
289,Suryabinayak Nagarpalika,BHAKTAPUR,Suryabinayak,Nagarpalika,3,30704.0,524 3 26 3 004,NP0326304
290,Budhanilakantha Nagarpalika,KATHMANDU,Budhanilakantha,Nagarpalika,3,30604.0,524 3 27 3 003,NP0327303
291,Chandragiri Nagarpalika,KATHMANDU,Chandragiri,Nagarpalika,3,30610.0,524 3 27 3 008,NP0327308
292,Dakshinkali Nagarpalika,KATHMANDU,Dakshinkali,Nagarpalika,3,30611.0,524 3 27 3 010,NP0327310
293,Gokarneshwor Nagarpalika,KATHMANDU,Gokarneshwor,Nagarpalika,3,30603.0,524 3 27 3 004,NP0327304
294,Kageshwori Manahora Nagarpalika,KATHMANDU,Kageshwori Manahora,Nagarpalika,3,30602.0,524 3 27 3 006,NP0327306
295,Kathmandu Mahanagarpalika,KATHMANDU,Kathmandu,Mahanagarpalika,3,30608.0,524 3 27 1 001,NP0327101
296,Kirtipur Nagarpalika,KATHMANDU,Kirtipur,Nagarpalika,3,30609.0,524 3 27 3 009,NP0327309
297,Nagarjun Nagarpalika,KATHMANDU,Nagarjun,Nagarpalika,3,30607.0,524 3 27 3 005,NP0327305
298,Shankharapur Nagarpalika,KATHMANDU,Shankharapur,Nagarpalika,3,30601.0,524 3 27 3 007,NP0327307
299,Tarakeshwor Nagarpalika,KATHMANDU,Tarakeshwor,Nagarpalika,3,30606.0,524 3 27 3 001,NP0327301
300,Tokha Nagarpalika,KATHMANDU,Tokha,Nagarpalika,3,30605.0,524 3 27 3 002,NP0327302
301,Belkotgadhi Nagarpalika,NUWAKOT,Belkotgadhi,Nagarpalika,3,30508.0,524 3 28 3 002,NP0328302
302,Bidur Nagarpalika,NUWAKOT,Bidur,Nagarpalika,3,30504.0,524 3 28 3 001,NP0328301
303,Dupcheshwar Gaunpalika,NUWAKOT,Dupcheshwar,Gaunpalika,3,30501.0,524 3 28 4 008,NP0328408
304,Kakani Gaunpalika,NUWAKOT,Kakani,Gaunpalika,3,30512.0,524 3 28 4 009,NP0328409
305,Kispang Gaunpalika,NUWAKOT,Kispang,Gaunpalika,3,30505.0,524 3 28 4 002,NP0328402
306,Likhu Gaunpalika,NUWAKOT,Likhu,Gaunpalika,3,30509.0,524 3 28 4 006,NP0328406
307,Myagang Gaunpalika,NUWAKOT,Myagang,Gaunpalika,3,30506.0,524 3 28 4 001,NP0328401
308,Panchakanya Gaunpalika,NUWAKOT,Panchakanya,Gaunpalika,3,30510.0,524 3 28 4 007,NP0328407
309,Shivapuri Gaunpalika,NUWAKOT,Shivapuri,Gaunpalika,3,30511.0,524 3 28 4 010,NP0328410
310,Suryagadhi Gaunpalika,NUWAKOT,Suryagadhi,Gaunpalika,3,30503.0,524 3 28 4 004,NP0328404
311,Tadi Gaunpalika,NUWAKOT,Tadi,Gaunpalika,3,30502.0,524 3 28 4 005,NP0328405
312,Tarkeshwar Gaunpalika,NUWAKOT,Tarkeshwar,Gaunpalika,3,30507.0,524 3 28 4 003,NP0328403
313,Shivapuri Watershed and Wildlife Reserve,NUWAKOT,Shivapuri Watershed and Wildlife Reserve,Watershed and Wildlife Reserve,3,,524 3 28 5 996,NP0328596
314,Langtang National Park,NUWAKOT,Langtang National Park,National Park,3,,524 3 28 5 997,NP0328597
315,Gosaikunda Gaunpalika,RASUWA,Gosaikunda,Gaunpalika,3,30301.0,524 3 29 4 002,NP0329402
316,Kalika Gaunpalika,RASUWA,Kalika,Gaunpalika,3,30304.0,524 3 29 4 004,NP0329404
317,Naukunda Gaunpalika,RASUWA,Naukunda,Gaunpalika,3,30305.0,524 3 29 4 005,NP0329405
318,Aamachodingmo Gaunpalika,RASUWA,Aamachodingmo,Gaunpalika,3,30302.0,524 3 29 4 001,NP0329401
319,Uttargaya Gaunpalika,RASUWA,Uttargaya,Gaunpalika,3,30303.0,524 3 29 4 003,NP0329403
320,Benighat Rorang Gaunpalika,DHADING,Benighat Rorang,Gaunpalika,3,30409.0,524 3 30 4 008,NP0330408
321,Dhunibesi Nagarpalika,DHADING,Dhunibesi,Nagarpalika,3,30413.0,524 3 30 3 002,NP0330302
322,Gajuri Gaunpalika,DHADING,Gajuri,Gaunpalika,3,30410.0,524 3 30 4 009,NP0330409
323,Galchi Gaunpalika,DHADING,Galchi,Gaunpalika,3,30411.0,524 3 30 4 010,NP0330410
324,Gangajamuna Gaunpalika,DHADING,Gangajamuna,Gaunpalika,3,30403.0,524 3 30 4 002,NP0330402
325,Jwalamukhi Gaunpalika,DHADING,Jwalamukhi,Gaunpalika,3,30407.0,524 3 30 4 006,NP0330406
326,Khaniyabash Gaunpalika,DHADING,Khaniyabash,Gaunpalika,3,30402.0,524 3 30 4 003,NP0330403
327,Netrawati Dabjong Gaunpalika,DHADING,Netrawati Dabjong,Gaunpalika,3,30405.0,524 3 30 4 005,NP0330405
328,Nilakantha Nagarpalika,DHADING,Nilakantha,Nagarpalika,3,30406.0,524 3 30 3 001,NP0330301
329,Rubi Valley Gaunpalika,DHADING,Rubi Valley,Gaunpalika,3,30401.0,524 3 30 4 001,NP0330401
330,Siddhalek Gaunpalika,DHADING,Siddhalek,Gaunpalika,3,30408.0,524 3 30 4 007,NP0330407
331,Thakre Gaunpalika,DHADING,Thakre,Gaunpalika,3,30412.0,524 3 30 4 011,NP0330411
332,Tripura Sundari Gaunpalika,DHADING,Tripura Sundari,Gaunpalika,3,30404.0,524 3 30 4 004,NP0330404
333,Bagmati Gaunpalika,MAKAWANPUR,Bagmati,Gaunpalika,3,31210.0,524 3 31 4 008,NP0331408
334,Bakaiya Gaunpalika,MAKAWANPUR,Bakaiya,Gaunpalika,3,31209.0,524 3 31 4 007,NP0331407
335,Bhimphedi Gaunpalika,MAKAWANPUR,Bhimphedi,Gaunpalika,3,31207.0,524 3 31 4 004,NP0331404
336,Hetauda Upamahanagarpalika,MAKAWANPUR,Hetauda,Upamahanagarpalika,3,31206.0,524 3 31 2 001,NP0331201
337,Indrasarowar Gaunpalika,MAKAWANPUR,Indrasarowar,Gaunpalika,3,31201.0,524 3 31 4 005,NP0331405
338,Kailash Gaunpalika,MAKAWANPUR,Kailash,Gaunpalika,3,31203.0,524 3 31 4 003,NP0331403
339,Makawanpurgadhi Gaunpalika,MAKAWANPUR,Makawanpurgadhi,Gaunpalika,3,31208.0,524 3 31 4 006,NP0331406
340,Manahari Gaunpalika,MAKAWANPUR,Manahari,Gaunpalika,3,31205.0,524 3 31 4 001,NP0331401
341,Raksirang Gaunpalika,MAKAWANPUR,Raksirang,Gaunpalika,3,31204.0,524 3 31 4 002,NP0331402
342,Thaha Nagarpalika,MAKAWANPUR,Thaha,Nagarpalika,3,31202.0,524 3 31 3 001,NP0331301
343,Parsa Wildlife Reserve,MAKAWANPUR,Parsa Wildlife Reserve,Wildlife Reserve,3,,524 3 31 5 995,NP0331595
344,Chitawan National Park,MAKAWANPUR,Chitawan National Park,National Park,3,,524 3 31 5 997,NP0331597
345,Baudhimai Nagarpalika,RAUTAHAT,Baudhimai,Nagarpalika,2,20611.0,524 2 32 3 010,NP0232310
346,Brindaban Nagarpalika,RAUTAHAT,Brindaban,Nagarpalika,2,20605.0,524 2 32 3 005,NP0232305
347,Chandrapur Nagarpalika,RAUTAHAT,Chandrapur,Nagarpalika,2,20601.0,524 2 32 3 002,NP0232302
348,Dewahhi Gonahi Nagarpalika,RAUTAHAT,Dewahhi Gonahi,Nagarpalika,2,20609.0,524 2 32 3 007,NP0232307
349,Durga Bhagwati Gaunpalika,RAUTAHAT,Durga Bhagwati,Gaunpalika,2,20615.0,524 2 32 4 002,NP0232402
350,Gadhimai Nagarpalika,RAUTAHAT,Gadhimai,Nagarpalika,2,20606.0,524 2 32 3 009,NP0232309
351,Garuda Nagarpalika,RAUTAHAT,Garuda,Nagarpalika,2,20608.0,524 2 32 3 008,NP0232308
352,Gaur Nagarpalika,RAUTAHAT,Gaur,Nagarpalika,2,20617.0,524 2 32 3 015,NP0232315
353,Gujara Nagarpalika,RAUTAHAT,Gujara,Nagarpalika,2,20602.0,524 2 32 3 001,NP0232301
354,Ishanath Nagarpalika,RAUTAHAT,Ishanath,Nagarpalika,2,20618.0,524 2 32 3 013,NP0232313
355,Katahariya Nagarpalika,RAUTAHAT,Katahariya,Nagarpalika,2,20604.0,524 2 32 3 004,NP0232304
356,Madhav Narayan Nagarpalika,RAUTAHAT,Madhav Narayan,Nagarpalika,2,20607.0,524 2 32 3 011,NP0232311
357,Maulapur Nagarpalika,RAUTAHAT,Maulapur,Nagarpalika,2,20610.0,524 2 32 3 006,NP0232306
358,Paroha Nagarpalika,RAUTAHAT,Paroha,Nagarpalika,2,20612.0,524 2 32 3 012,NP0232312
359,Phatuwa Bijayapur Nagarpalika,RAUTAHAT,Phatuwa Bijayapur,Nagarpalika,2,20603.0,524 2 32 3 003,NP0232303
360,Rajdevi Nagarpalika,RAUTAHAT,Rajdevi,Nagarpalika,2,20616.0,524 2 32 3 016,NP0232316
361,Rajpur Nagarpalika,RAUTAHAT,Rajpur,Nagarpalika,2,20613.0,524 2 32 3 014,NP0232314
362,Yemunamai Gaunpalika,RAUTAHAT,Yemunamai,Gaunpalika,2,20614.0,524 2 32 4 001,NP0232401
363,Adarshkotwal Gaunpalika,BARA,Adarshkotwal,Gaunpalika,2,20711.0,524 2 33 4 009,NP0233409
364,Baragadhi Gaunpalika,BARA,Baragadhi,Gaunpalika,2,20710.0,524 2 33 4 006,NP0233406
365,Bishrampur Gaunpalika,BARA,Bishrampur,Gaunpalika,2,20706.0,524 2 33 4 004,NP0233404
366,Devtal Gaunpalika,BARA,Devtal,Gaunpalika,2,20715.0,524 2 33 4 007,NP0233407
367,Jitpur Simara Upamahanagarpalika,BARA,Jitpur Simara,Upamahanagarpalika,2,20703.0,524 2 33 2 001,NP0233201
368,Kalaiya Upamahanagarpalika,BARA,Kalaiya,Upamahanagarpalika,2,20708.0,524 2 33 2 002,NP0233202
369,Karaiyamai Gaunpalika,BARA,Karaiyamai,Gaunpalika,2,20709.0,524 2 33 4 003,NP0233403
370,Kolhabi Nagarpalika,BARA,Kolhabi,Nagarpalika,2,20702.0,524 2 33 3 002,NP0233302
371,Mahagadhimai Nagarpalika,BARA,Mahagadhimai,Nagarpalika,2,20714.0,524 2 33 3 003,NP0233303
372,Nijgadh Nagarpalika,BARA,Nijgadh,Nagarpalika,2,20701.0,524 2 33 3 001,NP0233301
373,Pacharauta Nagarpalika,BARA,Pacharauta,Nagarpalika,2,20713.0,524 2 33 3 004,NP0233304
374,Parwanipur Gaunpalika,BARA,Parwanipur,Gaunpalika,2,20704.0,524 2 33 4 001,NP0233401
375,Pheta Gaunpalika,BARA,Pheta,Gaunpalika,2,20707.0,524 2 33 4 005,NP0233405
376,Prasauni Gaunpalika,BARA,Prasauni,Gaunpalika,2,20705.0,524 2 33 4 002,NP0233402
377,Simraungadh Nagarpalika,BARA,Simraungadh,Nagarpalika,2,20712.0,524 2 33 3 005,NP0233305
378,Suwarna Gaunpalika,BARA,Suwarna,Gaunpalika,2,20716.0,524 2 33 4 008,NP0233408
379,Parsa Wildlife Reserve,BARA,Parsa Wildlife Reserve,Wildlife Reserve,2,,524 2 33 5 995,NP0233595
380,Bahudaramai Nagarpalika,PARSA,Bahudaramai,Nagarpalika,2,20808.0,524 2 34 3 002,NP0234302
381,Bindabasini Gaunpalika,PARSA,Bindabasini,Gaunpalika,2,20814.0,524 2 34 4 010,NP0234410
382,Birgunj Mahanagarpalika,PARSA,Birgunj,Mahanagarpalika,2,20807.0,524 2 34 1 001,NP0234101
383,Chhipaharmai Gaunpalika,PARSA,Chhipaharmai,Gaunpalika,2,20812.0,524 2 34 4 007,NP0234407
384,Dhobini Gaunpalika,PARSA,Dhobini,Gaunpalika,2,20811.0,524 2 34 4 006,NP0234406
385,Jagarnathpur Gaunpalika,PARSA,Jagarnathpur,Gaunpalika,2,20803.0,524 2 34 4 005,NP0234405
386,Jirabhawani Gaunpalika,PARSA,Jirabhawani,Gaunpalika,2,20802.0,524 2 34 4 002,NP0234402
387,Kalikamai Gaunpalika,PARSA,Kalikamai,Gaunpalika,2,20810.0,524 2 34 4 008,NP0234408
388,Pakahamainpur Gaunpalika,PARSA,Pakahamainpur,Gaunpalika,2,20813.0,524 2 34 4 009,NP0234409
389,Parsagadhi Nagarpalika,PARSA,Parsagadhi,Nagarpalika,2,20806.0,524 2 34 3 003,NP0234303
390,Paterwasugauli Gaunpalika,PARSA,Paterwasugauli,Gaunpalika,2,20804.0,524 2 34 4 003,NP0234403
391,Pokhariya Nagarpalika,PARSA,Pokhariya,Nagarpalika,2,20809.0,524 2 34 3 001,NP0234301
392,SakhuwaPrasauni Gaunpalika,PARSA,SakhuwaPrasauni,Gaunpalika,2,20805.0,524 2 34 4 004,NP0234404
393,Thori Gaunpalika,PARSA,Thori,Gaunpalika,2,20801.0,524 2 34 4 001,NP0234401
394,Bharatpur Mahanagarpalika,CHITAWAN,Bharatpur,Mahanagarpalika,3,31304.0,524 3 35 1 001,NP0335101
395,Ichchhyakamana Gaunpalika,CHITAWAN,Ichchhyakamana,Gaunpalika,3,31303.0,524 3 35 4 001,NP0335401
396,Kalika Nagarpalika,CHITAWAN,Kalika,Nagarpalika,3,31302.0,524 3 35 3 001,NP0335301
397,Khairahani Nagarpalika,CHITAWAN,Khairahani,Nagarpalika,3,31306.0,524 3 35 3 003,NP0335303
398,Madi Nagarpalika,CHITAWAN,Madi,Nagarpalika,3,31307.0,524 3 35 3 005,NP0335305
399,Rapti Nagarpalika,CHITAWAN,Rapti,Nagarpalika,3,31301.0,524 3 35 3 004,NP0335304
400,Ratnanagar Nagarpalika,CHITAWAN,Ratnanagar,Nagarpalika,3,31305.0,524 3 35 3 002,NP0335302
401,Chitawan National Park,CHITAWAN,Chitawan National Park,National Park,3,,524 3 35 5 997,NP0335597
402,Aarughat Gaunpalika,GORKHA,Aarughat,Gaunpalika,4,40105.0,524 4 36 4 006,NP0436406
403,Ajirkot Gaunpalika,GORKHA,Ajirkot,Gaunpalika,4,40102.0,524 4 36 4 002,NP0436402
404,Bhimsen Thapa Gaunpalika,GORKHA,Bhimsen Thapa,Gaunpalika,4,40106.0,524 4 36 4 007,NP0436407
405,Chum Nubri Gaunpalika,GORKHA,Chum Nubri,Gaunpalika,4,40101.0,524 4 36 4 001,NP0436401
406,Dharche Gaunpalika,GORKHA,Dharche,Gaunpalika,4,40104.0,524 4 36 4 004,NP0436404
407,Gandaki Gaunpalika,GORKHA,Gandaki,Gaunpalika,4,40111.0,524 4 36 4 009,NP0436409
408,Gorkha Nagarpalika,GORKHA,Gorkha,Nagarpalika,4,40109.0,524 4 36 3 002,NP0436302
409,Palungtar Nagarpalika,GORKHA,Palungtar,Nagarpalika,4,40108.0,524 4 36 3 001,NP0436301
410,Sahid Lakhan Gaunpalika,GORKHA,Sahid Lakhan,Gaunpalika,4,40110.0,524 4 36 4 008,NP0436408
411,Siranchok Gaunpalika,GORKHA,Siranchok,Gaunpalika,4,40107.0,524 4 36 4 005,NP0436405
412,Barpak Sulikot Gaunpalika,GORKHA,Barpak Sulikot,Gaunpalika,4,40103.0,524 4 36 4 003,NP0436403
413,Besishahar Nagarpalika,LAMJUNG,Besishahar,Nagarpalika,4,40605.0,524 4 37 3 002,NP0437302
414,Dordi Gaunpalika,LAMJUNG,Dordi,Gaunpalika,4,40601.0,524 4 37 4 003,NP0437403
415,Dudhpokhari Gaunpalika,LAMJUNG,Dudhpokhari,Gaunpalika,4,40608.0,524 4 37 4 004,NP0437404
416,Kwholasothar Gaunpalika,LAMJUNG,Kwholasothar,Gaunpalika,4,40603.0,524 4 37 4 001,NP0437401
417,MadhyaNepal Nagarpalika,LAMJUNG,MadhyaNepal,Nagarpalika,4,40604.0,524 4 37 3 001,NP0437301
418,Marsyangdi Gaunpalika,LAMJUNG,Marsyangdi,Gaunpalika,4,40602.0,524 4 37 4 002,NP0437402
419,Rainas Nagarpalika,LAMJUNG,Rainas,Nagarpalika,4,40607.0,524 4 37 3 004,NP0437304
420,Sundarbazar Nagarpalika,LAMJUNG,Sundarbazar,Nagarpalika,4,40606.0,524 4 37 3 003,NP0437303
421,Anbukhaireni Gaunpalika,TANAHU,Anbukhaireni,Gaunpalika,4,40710.0,524 4 40 4 005,NP0440405
422,Bandipur Gaunpalika,TANAHU,Bandipur,Gaunpalika,4,40709.0,524 4 40 4 004,NP0440404
423,Bhanu Nagarpalika,TANAHU,Bhanu,Nagarpalika,4,40701.0,524 4 40 3 003,NP0440303
424,Bhimad Nagarpalika,TANAHU,Bhimad,Nagarpalika,4,40705.0,524 4 40 3 004,NP0440304
425,Byas Nagarpalika,TANAHU,Byas,Nagarpalika,4,40702.0,524 4 40 3 002,NP0440302
426,Devghat Gaunpalika,TANAHU,Devghat,Gaunpalika,4,40708.0,524 4 40 4 006,NP0440406
427,Ghiring Gaunpalika,TANAHU,Ghiring,Gaunpalika,4,40706.0,524 4 40 4 002,NP0440402
428,Myagde Gaunpalika,TANAHU,Myagde,Gaunpalika,4,40703.0,524 4 40 4 001,NP0440401
429,Rhishing Gaunpalika,TANAHU,Rhishing,Gaunpalika,4,40707.0,524 4 40 4 003,NP0440403
430,Shuklagandaki Nagarpalika,TANAHU,Shuklagandaki,Nagarpalika,4,40704.0,524 4 40 3 001,NP0440301
431,Aandhikhola Gaunpalika,SYANGJA,Aandhikhola,Gaunpalika,4,40903.0,524 4 41 4 001,NP0441401
432,Arjunchaupari Gaunpalika,SYANGJA,Arjunchaupari,Gaunpalika,4,40904.0,524 4 41 4 003,NP0441403
433,Bhirkot Nagarpalika,SYANGJA,Bhirkot,Nagarpalika,4,40905.0,524 4 41 3 002,NP0441302
434,Biruwa Gaunpalika,SYANGJA,Biruwa,Gaunpalika,4,40906.0,524 4 41 4 004,NP0441404
435,Chapakot Nagarpalika,SYANGJA,Chapakot,Nagarpalika,4,40908.0,524 4 41 3 005,NP0441305
436,Galyang Nagarpalika,SYANGJA,Galyang,Nagarpalika,4,40910.0,524 4 41 3 003,NP0441303
437,Harinas Gaunpalika,SYANGJA,Harinas,Gaunpalika,4,40907.0,524 4 41 4 005,NP0441405
438,Kaligandagi Gaunpalika,SYANGJA,Kaligandagi,Gaunpalika,4,40911.0,524 4 41 4 006,NP0441406
439,Phedikhola Gaunpalika,SYANGJA,Phedikhola,Gaunpalika,4,40902.0,524 4 41 4 002,NP0441402
440,Putalibazar Nagarpalika,SYANGJA,Putalibazar,Nagarpalika,4,40901.0,524 4 41 3 001,NP0441301
441,Waling Nagarpalika,SYANGJA,Waling,Nagarpalika,4,40909.0,524 4 41 3 004,NP0441304
442,Annapurna Gaunpalika,KASKI,Annapurna,Gaunpalika,4,40503.0,524 4 39 4 001,NP0439401
443,Machhapuchchhre Gaunpalika,KASKI,Machhapuchchhre,Gaunpalika,4,40502.0,524 4 39 4 002,NP0439402
444,Madi Gaunpalika,KASKI,Madi,Gaunpalika,4,40501.0,524 4 39 4 003,NP0439403
445,Pokhara Lekhnath Mahanagarpalika,KASKI,Pokhara Lekhnath,Mahanagarpalika,4,40504.0,524 4 39 1 001,NP0439101
446,Rupa Gaunpalika,KASKI,Rupa,Gaunpalika,4,40505.0,524 4 39 4 004,NP0439404
447,Chame Gaunpalika,MANANG,Chame,Gaunpalika,4,40203.0,524 4 38 4 003,NP0438403
448,Narpa Bhumi Gaunpalika,MANANG,Narpa Bhumi,Gaunpalika,4,40201.0,524 4 38 4 002,NP0438402
449,Nasho Gaunpalika,MANANG,Nasho,Gaunpalika,4,40204.0,524 4 38 4 004,NP0438404
450,Manang Nshiang Gaunpalika,MANANG,Manang Nshiang,Gaunpalika,4,40202.0,524 4 38 4 001,NP0438401
451,Waragun Muktikshetra Gaunpalika,MUSTANG,Waragun Muktikshetra,Gaunpalika,4,40303.0,524 4 45 4 003,NP0445403
452,Lo-Ghekar Damodarkunda Gaunpalika,MUSTANG,Lo-Ghekar Damodarkunda,Gaunpalika,4,40301.0,524 4 45 4 002,NP0445402
453,Gharapjhong Gaunpalika,MUSTANG,Gharapjhong,Gaunpalika,4,40302.0,524 4 45 4 004,NP0445404
454,Lomanthang Gaunpalika,MUSTANG,Lomanthang,Gaunpalika,4,40304.0,524 4 45 4 001,NP0445401
455,Thasang Gaunpalika,MUSTANG,Thasang,Gaunpalika,4,40305.0,524 4 45 4 005,NP0445405
456,Annapurna Gaunpalika,MYAGDI,Annapurna,Gaunpalika,4,40401.0,524 4 44 4 003,NP0444403
457,Beni Nagarpalika,MYAGDI,Beni,Nagarpalika,4,40406.0,524 4 44 3 001,NP0444301
458,Dhaulagiri Gaunpalika,MYAGDI,Dhaulagiri,Gaunpalika,4,40403.0,524 4 44 4 001,NP0444401
459,Malika Gaunpalika,MYAGDI,Malika,Gaunpalika,4,40404.0,524 4 44 4 004,NP0444404
460,Mangala Gaunpalika,MYAGDI,Mangala,Gaunpalika,4,40405.0,524 4 44 4 005,NP0444405
461,Raghuganga Gaunpalika,MYAGDI,Raghuganga,Gaunpalika,4,40402.0,524 4 44 4 002,NP0444402
462,Dhorpatan Hunting Reserve,MYAGDI,Dhorpatan Hunting Reserve,Hunting Reserve,4,,524 4 44 5 998,NP0444598
463,Bihadi Gaunpalika,PARBAT,Bihadi,Gaunpalika,4,41006.0,524 4 42 4 003,NP0442403
464,Jaljala Gaunpalika,PARBAT,Jaljala,Gaunpalika,4,41002.0,524 4 42 4 001,NP0442401
465,Kushma Nagarpalika,PARBAT,Kushma,Nagarpalika,4,41003.0,524 4 42 3 001,NP0442301
466,Mahashila Gaunpalika,PARBAT,Mahashila,Gaunpalika,4,41005.0,524 4 42 4 004,NP0442404
467,Modi Gaunpalika,PARBAT,Modi,Gaunpalika,4,41001.0,524 4 42 4 002,NP0442402
468,Painyu Gaunpalika,PARBAT,Painyu,Gaunpalika,4,41007.0,524 4 42 4 005,NP0442405
469,Phalebas Nagarpalika,PARBAT,Phalebas,Nagarpalika,4,41004.0,524 4 42 3 002,NP0442302
470,Badigad Gaunpalika,BAGLUNG,Badigad,Gaunpalika,4,41107.0,524 4 43 4 003,NP0443403
471,Baglung Nagarpalika,BAGLUNG,Baglung,Nagarpalika,4,41101.0,524 4 43 3 003,NP0443303
472,Bareng Gaunpalika,BAGLUNG,Bareng,Gaunpalika,4,41109.0,524 4 43 4 006,NP0443406
473,Dhorpatan Nagarpalika,BAGLUNG,Dhorpatan,Nagarpalika,4,41105.0,524 4 43 3 001,NP0443301
474,Galkot Nagarpalika,BAGLUNG,Galkot,Nagarpalika,4,41108.0,524 4 43 3 002,NP0443302
475,Jaimini Nagarpalika,BAGLUNG,Jaimini,Nagarpalika,4,41110.0,524 4 43 3 004,NP0443304
476,Kanthekhola Gaunpalika,BAGLUNG,Kanthekhola,Gaunpalika,4,41102.0,524 4 43 4 005,NP0443405
477,Nisikhola Gaunpalika,BAGLUNG,Nisikhola,Gaunpalika,4,41106.0,524 4 43 4 001,NP0443401
478,Taman Khola Gaunpalika,BAGLUNG,Taman Khola,Gaunpalika,4,41104.0,524 4 43 4 002,NP0443402
479,Tara Khola Gaunpalika,BAGLUNG,Tara Khola,Gaunpalika,4,41103.0,524 4 43 4 004,NP0443404
480,Dhorpatan Hunting Reserve,BAGLUNG,Dhorpatan Hunting Reserve,Hunting Reserve,4,,524 4 43 5 998,NP0443598
481,Chandrakot Gaunpalika,GULMI,Chandrakot,Gaunpalika,5,50403.0,524 5 51 4 006,NP0551406
482,Chatrakot Gaunpalika,GULMI,Chatrakot,Gaunpalika,5,50411.0,524 5 51 4 007,NP0551407
483,Dhurkot Gaunpalika,GULMI,Dhurkot,Gaunpalika,5,50408.0,524 5 51 4 003,NP0551403
484,Gulmidarbar Gaunpalika,GULMI,Gulmidarbar,Gaunpalika,5,50410.0,524 5 51 4 005,NP0551405
485,Isma Gaunpalika,GULMI,Isma,Gaunpalika,5,50405.0,524 5 51 4 004,NP0551404
486,Kaligandaki Gaunpalika,GULMI,Kaligandaki,Gaunpalika,5,50401.0,524 5 51 4 010,NP0551410
487,Madane Gaunpalika,GULMI,Madane,Gaunpalika,5,50407.0,524 5 51 4 001,NP0551401
488,Malika Gaunpalika,GULMI,Malika,Gaunpalika,5,50406.0,524 5 51 4 002,NP0551402
489,Musikot Nagarpalika,GULMI,Musikot,Nagarpalika,5,50404.0,524 5 51 3 001,NP0551301
490,Resunga Nagarpalika,GULMI,Resunga,Nagarpalika,5,50409.0,524 5 51 3 002,NP0551302
491,Ruru Gaunpalika,GULMI,Ruru,Gaunpalika,5,50412.0,524 5 51 4 008,NP0551408
492,Satyawati Gaunpalika,GULMI,Satyawati,Gaunpalika,5,50402.0,524 5 51 4 009,NP0551409
493,Bagnaskali Gaunpalika,PALPA,Bagnaskali,Gaunpalika,5,50604.0,524 5 46 4 005,NP0546405
494,Mathagadhi Gaunpalika,PALPA,Mathagadhi,Gaunpalika,5,50609.0,524 5 46 4 004,NP0546404
495,Nisdi Gaunpalika,PALPA,Nisdi,Gaunpalika,5,50610.0,524 5 46 4 008,NP0546408
496,Purbakhola Gaunpalika,PALPA,Purbakhola,Gaunpalika,5,50602.0,524 5 46 4 006,NP0546406
497,Rainadevi Chhahara Gaunpalika,PALPA,Rainadevi Chhahara,Gaunpalika,5,50607.0,524 5 46 4 001,NP0546401
498,Rambha Gaunpalika,PALPA,Rambha,Gaunpalika,5,50603.0,524 5 46 4 007,NP0546407
499,Rampur Nagarpalika,PALPA,Rampur,Nagarpalika,5,50601.0,524 5 46 3 002,NP0546302
500,Ribdikot Gaunpalika,PALPA,Ribdikot,Gaunpalika,5,50606.0,524 5 46 4 003,NP0546403
501,Tansen Nagarpalika,PALPA,Tansen,Nagarpalika,5,50605.0,524 5 46 3 001,NP0546301
502,Tinau Gaunpalika,PALPA,Tinau,Gaunpalika,5,50608.0,524 5 46 4 002,NP0546402
503,Bardaghat Nagarpalika,NAWALPARASI_W,Bardaghat,Nagarpalika,5,50701.0,524 5 47 3 002,NP0547302
504,Palhi Nandan Gaunpalika,NAWALPARASI_W,Palhi Nandan,Gaunpalika,5,50704.0,524 5 47 4 001,NP0547401
505,Pratappur Gaunpalika,NAWALPARASI_W,Pratappur,Gaunpalika,5,50706.0,524 5 47 4 003,NP0547403
506,Ramgram Nagarpalika,NAWALPARASI_W,Ramgram,Nagarpalika,5,50703.0,524 5 47 3 003,NP0547303
507,Sarawal Gaunpalika,NAWALPARASI_W,Sarawal,Gaunpalika,5,50705.0,524 5 47 4 002,NP0547402
508,Sunwal Nagarpalika,NAWALPARASI_W,Sunwal,Nagarpalika,5,50702.0,524 5 47 3 001,NP0547301
509,Susta Gaunpalika,NAWALPARASI_W,Susta,Gaunpalika,5,50707.0,524 5 47 4 004,NP0547404
510,Butwal Upamahanagarpalika,RUPANDEHI,Butwal,Upamahanagarpalika,5,50802.0,524 5 48 2 001,NP0548201
511,Devdaha Nagarpalika,RUPANDEHI,Devdaha,Nagarpalika,5,50801.0,524 5 48 3 002,NP0548302
512,Gaidahawa Gaunpalika,RUPANDEHI,Gaidahawa,Gaunpalika,5,50805.0,524 5 48 4 003,NP0548403
513,Kanchan Gaunpalika,RUPANDEHI,Kanchan,Gaunpalika,5,50804.0,524 5 48 4 001,NP0548401
514,Kotahimai Gaunpalika,RUPANDEHI,Kotahimai,Gaunpalika,5,50814.0,524 5 48 4 008,NP0548408
515,Lumbini Sanskritik Nagarpalika,RUPANDEHI,Lumbini Sanskritik,Nagarpalika,5,50813.0,524 5 48 3 004,NP0548304
516,Marchawari Gaunpalika,RUPANDEHI,Marchawari,Gaunpalika,5,50816.0,524 5 48 4 010,NP0548410
517,Mayadevi Gaunpalika,RUPANDEHI,Mayadevi,Gaunpalika,5,50812.0,524 5 48 4 005,NP0548405
518,Omsatiya Gaunpalika,RUPANDEHI,Omsatiya,Gaunpalika,5,50809.0,524 5 48 4 006,NP0548406
519,Rohini Gaunpalika,RUPANDEHI,Rohini,Gaunpalika,5,50810.0,524 5 48 4 007,NP0548407
520,Sainamaina Nagarpalika,RUPANDEHI,Sainamaina,Nagarpalika,5,50803.0,524 5 48 3 001,NP0548301
521,Sammarimai Gaunpalika,RUPANDEHI,Sammarimai,Gaunpalika,5,50815.0,524 5 48 4 009,NP0548409
522,Siddharthanagar Nagarpalika,RUPANDEHI,Siddharthanagar,Nagarpalika,5,50811.0,524 5 48 3 005,NP0548305
523,Siyari Gaunpalika,RUPANDEHI,Siyari,Gaunpalika,5,50807.0,524 5 48 4 004,NP0548404
524,Sudhdhodhan Gaunpalika,RUPANDEHI,Sudhdhodhan,Gaunpalika,5,50806.0,524 5 48 4 002,NP0548402
525,Tillotama Nagarpalika,RUPANDEHI,Tillotama,Nagarpalika,5,50808.0,524 5 48 3 003,NP0548303
526,Lumbini Sanskritik Development Area,RUPANDEHI,Lumbini Sanskritik Development Area,Development Area,5,,524 5 48 5 999,NP0548599
527,Banganga Nagarpalika,KAPILBASTU,Banganga,Nagarpalika,5,50901.0,524 5 49 3 003,NP0549303
528,Bijayanagar Gaunpalika,KAPILBASTU,Bijayanagar,Gaunpalika,5,50904.0,524 5 49 4 001,NP0549401
529,Buddhabhumi Nagarpalika,KAPILBASTU,Buddhabhumi,Nagarpalika,5,50902.0,524 5 49 3 002,NP0549302
530,Kapilbastu Nagarpalika,KAPILBASTU,Kapilbastu,Nagarpalika,5,50907.0,524 5 49 3 006,NP0549306
531,Krishnanagar Nagarpalika,KAPILBASTU,Krishnanagar,Nagarpalika,5,50905.0,524 5 49 3 004,NP0549304
532,Maharajgunj Nagarpalika,KAPILBASTU,Maharajgunj,Nagarpalika,5,50906.0,524 5 49 3 005,NP0549305
533,Mayadevi Gaunpalika,KAPILBASTU,Mayadevi,Gaunpalika,5,50909.0,524 5 49 4 003,NP0549403
534,Shivaraj Nagarpalika,KAPILBASTU,Shivaraj,Nagarpalika,5,50903.0,524 5 49 3 001,NP0549301
535,Suddhodhan Gaunpalika,KAPILBASTU,Suddhodhan,Gaunpalika,5,50910.0,524 5 49 4 004,NP0549404
536,Yashodhara Gaunpalika,KAPILBASTU,Yashodhara,Gaunpalika,5,50908.0,524 5 49 4 002,NP0549402
537,Bhumekasthan Nagarpalika,ARGHAKHANCHI,Bhumekasthan,Nagarpalika,5,50503.0,524 5 50 3 001,NP0550301
538,Chhatradev Gaunpalika,ARGHAKHANCHI,Chhatradev,Gaunpalika,5,50501.0,524 5 50 4 002,NP0550402
539,Malarani Gaunpalika,ARGHAKHANCHI,Malarani,Gaunpalika,5,50502.0,524 5 50 4 001,NP0550401
540,Panini Gaunpalika,ARGHAKHANCHI,Panini,Gaunpalika,5,50505.0,524 5 50 4 003,NP0550403
541,Sandhikharka Nagarpalika,ARGHAKHANCHI,Sandhikharka,Nagarpalika,5,50504.0,524 5 50 3 002,NP0550302
542,Sitganga Nagarpalika,ARGHAKHANCHI,Sitganga,Nagarpalika,5,50506.0,524 5 50 3 003,NP0550303
543,Ayirabati Gaunpalika,PYUTHAN,Ayirabati,Gaunpalika,5,50308.0,524 5 55 4 007,NP0555407
544,Gaumukhi Gaunpalika,PYUTHAN,Gaumukhi,Gaunpalika,5,50301.0,524 5 55 4 002,NP0555402
545,Jhimruk Gaunpalika,PYUTHAN,Jhimruk,Gaunpalika,5,50303.0,524 5 55 4 003,NP0555403
546,Mallarani Gaunpalika,PYUTHAN,Mallarani,Gaunpalika,5,50307.0,524 5 55 4 005,NP0555405
547,Mandavi Gaunpalika,PYUTHAN,Mandavi,Gaunpalika,5,50306.0,524 5 55 4 004,NP0555404
548,Naubahini Gaunpalika,PYUTHAN,Naubahini,Gaunpalika,5,50302.0,524 5 55 4 001,NP0555401
549,Pyuthan Nagarpalika,PYUTHAN,Pyuthan,Nagarpalika,5,50304.0,524 5 55 3 002,NP0555302
550,Sarumarani Gaunpalika,PYUTHAN,Sarumarani,Gaunpalika,5,50309.0,524 5 55 4 006,NP0555406
551,Sworgadwary Nagarpalika,PYUTHAN,Sworgadwary,Nagarpalika,5,50305.0,524 5 55 3 001,NP0555301
552,Pariwartan Gaunpalika,ROLPA,Pariwartan,Gaunpalika,5,50203.0,524 5 54 4 002,NP0554402
553,Lungri Gaunpalika,ROLPA,Lungri,Gaunpalika,5,50210.0,524 5 54 4 008,NP0554408
554,Madi Gaunpalika,ROLPA,Madi,Gaunpalika,5,50205.0,524 5 54 4 004,NP0554404
556,Runtigadi Gaunpalika,ROLPA,Runtigadi,Gaunpalika,5,50208.0,524 5 54 4 009,NP0554409
557,Sukidaha Gaunpalika,ROLPA,Sukidaha,Gaunpalika,5,50204.0,524 5 54 4 001,NP0554401
558,Sunchhahari Gaunpalika,ROLPA,Sunchhahari,Gaunpalika,5,50201.0,524 5 54 4 005,NP0554405
559,Suwarnabati Gaunpalika,ROLPA,Suwarnabati,Gaunpalika,5,50209.0,524 5 54 4 007,NP0554407
560,Thawang Gaunpalika,ROLPA,Thawang,Gaunpalika,5,50202.0,524 5 54 4 003,NP0554403
561,Tribeni Gaunpalika,ROLPA,Tribeni,Gaunpalika,5,50206.0,524 5 54 4 006,NP0554406
562,Aathbiskot Nagarpalika,RUKUM_W,Aathbiskot,Nagarpalika,6,60801.0,524 6 52 3 001,NP0652301
563,Banfikot Gaunpalika,RUKUM_W,Banfikot,Gaunpalika,6,60803.0,524 6 52 4 002,NP0652402
564,Chaurjahari Nagarpalika,RUKUM_W,Chaurjahari,Nagarpalika,6,60806.0,524 6 52 3 002,NP0652302
566,Sani Bheri Gaunpalika,RUKUM_W,Sani Bheri,Gaunpalika,6,60802.0,524 6 52 4 001,NP0652401
567,Tribeni Gaunpalika,RUKUM_W,Tribeni,Gaunpalika,6,60805.0,524 6 52 4 003,NP0652403
568,Bagchaur Nagarpalika,SALYAN,Bagchaur,Nagarpalika,6,60905.0,524 6 53 3 002,NP0653302
569,Bangad Kupinde Nagarpalika,SALYAN,Bangad Kupinde,Nagarpalika,6,60903.0,524 6 53 3 001,NP0653301
570,Chhatreshwori Gaunpalika,SALYAN,Chhatreshwori,Gaunpalika,6,60906.0,524 6 53 4 005,NP0653405
571,Darma Gaunpalika,SALYAN,Darma,Gaunpalika,6,60901.0,524 6 53 4 002,NP0653402
572,Siddha Kumakha Gaunpalika,SALYAN,Siddha Kumakha,Gaunpalika,6,60904.0,524 6 53 4 003,NP0653403
573,Kalimati Gaunpalika,SALYAN,Kalimati,Gaunpalika,6,60908.0,524 6 53 4 004,NP0653404
574,Kapurkot Gaunpalika,SALYAN,Kapurkot,Gaunpalika,6,60910.0,524 6 53 4 007,NP0653407
575,Kumakha Gaunpalika,SALYAN,Kumakha,Gaunpalika,6,60902.0,524 6 53 4 001,NP0653401
576,Sharada Nagarpalika,SALYAN,Sharada,Nagarpalika,6,60907.0,524 6 53 3 003,NP0653303
577,Tribeni Gaunpalika,SALYAN,Tribeni,Gaunpalika,6,60909.0,524 6 53 4 006,NP0653406
578,Babai Gaunpalika,DANG,Babai,Gaunpalika,5,51005.0,524 5 56 4 001,NP0556401
579,Banglachuli Gaunpalika,DANG,Banglachuli,Gaunpalika,5,51001.0,524 5 56 4 005,NP0556405
580,Dangisharan Gaunpalika,DANG,Dangisharan,Gaunpalika,5,51006.0,524 5 56 4 002,NP0556402
581,Gadhawa Gaunpalika,DANG,Gadhawa,Gaunpalika,5,51009.0,524 5 56 4 006,NP0556406
582,Ghorahi Upamahanagarpalika,DANG,Ghorahi,Upamahanagarpalika,5,51002.0,524 5 56 2 002,NP0556202
583,Lamahi Nagarpalika,DANG,Lamahi,Nagarpalika,5,51007.0,524 5 56 3 001,NP0556301
584,Rajpur Gaunpalika,DANG,Rajpur,Gaunpalika,5,51010.0,524 5 56 4 004,NP0556404
585,Rapti Gaunpalika,DANG,Rapti,Gaunpalika,5,51008.0,524 5 56 4 007,NP0556407
586,Shantinagar Gaunpalika,DANG,Shantinagar,Gaunpalika,5,51004.0,524 5 56 4 003,NP0556403
587,Tulsipur Upamahanagarpalika,DANG,Tulsipur,Upamahanagarpalika,5,51003.0,524 5 56 2 001,NP0556201
588,Baijanath Gaunpalika,BANKE,Baijanath,Gaunpalika,5,51103.0,524 5 57 4 002,NP0557402
589,Duduwa Gaunpalika,BANKE,Duduwa,Gaunpalika,5,51107.0,524 5 57 4 004,NP0557404
590,Janki Gaunpalika,BANKE,Janki,Gaunpalika,5,51105.0,524 5 57 4 003,NP0557403
591,Khajura Gaunpalika,BANKE,Khajura,Gaunpalika,5,51104.0,524 5 57 4 001,NP0557401
592,Kohalpur Nagarpalika,BANKE,Kohalpur,Nagarpalika,5,51102.0,524 5 57 3 001,NP0557301
593,Narainapur Gaunpalika,BANKE,Narainapur,Gaunpalika,5,51108.0,524 5 57 4 006,NP0557406
594,Nepalgunj Upamahanagarpalika,BANKE,Nepalgunj,Upamahanagarpalika,5,51106.0,524 5 57 2 001,NP0557201
595,Rapti Sonari Gaunpalika,BANKE,Rapti Sonari,Gaunpalika,5,51101.0,524 5 57 4 005,NP0557405
596,Badhaiyatal Gaunpalika,BARDIYA,Badhaiyatal,Gaunpalika,5,51208.0,524 5 58 4 002,NP0558402
597,Bansagadhi Nagarpalika,BARDIYA,Bansagadhi,Nagarpalika,5,51201.0,524 5 58 3 006,NP0558306
598,Barbardiya Nagarpalika,BARDIYA,Barbardiya,Nagarpalika,5,51202.0,524 5 58 3 005,NP0558305
599,Geruwa Gaunpalika,BARDIYA,Geruwa,Gaunpalika,5,51204.0,524 5 58 4 001,NP0558401
600,Gulariya Nagarpalika,BARDIYA,Gulariya,Nagarpalika,5,51207.0,524 5 58 3 004,NP0558304
601,Madhuwan Nagarpalika,BARDIYA,Madhuwan,Nagarpalika,5,51206.0,524 5 58 3 002,NP0558302
602,Rajapur Nagarpalika,BARDIYA,Rajapur,Nagarpalika,5,51205.0,524 5 58 3 001,NP0558301
603,Thakurbaba Nagarpalika,BARDIYA,Thakurbaba,Nagarpalika,5,51203.0,524 5 58 3 003,NP0558303
604,Bardiya National Park,BARDIYA,Bardiya National Park,National Park,5,,524 5 58 5 997,NP0558597
605,Barahtal Gaunpalika,SURKHET,Barahtal,Gaunpalika,6,61007.0,524 6 59 4 002,NP0659402
606,Bheriganga Nagarpalika,SURKHET,Bheriganga,Nagarpalika,6,61005.0,524 6 59 3 002,NP0659302
607,Birendranagar Nagarpalika,SURKHET,Birendranagar,Nagarpalika,6,61006.0,524 6 59 3 003,NP0659303
608,Chaukune Gaunpalika,SURKHET,Chaukune,Gaunpalika,6,61009.0,524 6 59 4 001,NP0659401
609,Chingad Gaunpalika,SURKHET,Chingad,Gaunpalika,6,61002.0,524 6 59 4 003,NP0659403
610,Gurbhakot Nagarpalika,SURKHET,Gurbhakot,Nagarpalika,6,61004.0,524 6 59 3 005,NP0659305
611,Lekbeshi Nagarpalika,SURKHET,Lekbeshi,Nagarpalika,6,61003.0,524 6 59 3 004,NP0659304
612,Panchpuri Nagarpalika,SURKHET,Panchpuri,Nagarpalika,6,61008.0,524 6 59 3 001,NP0659301
613,Simta Gaunpalika,SURKHET,Simta,Gaunpalika,6,61001.0,524 6 59 4 004,NP0659404
614,Aathabis Nagarpalika,DAILEKH,Aathabis,Nagarpalika,6,60605.0,524 6 61 3 001,NP0661301
615,Bhagawatimai Gaunpalika,DAILEKH,Bhagawatimai,Gaunpalika,6,60609.0,524 6 61 4 007,NP0661407
616,Bhairabi Gaunpalika,DAILEKH,Bhairabi,Gaunpalika,6,60603.0,524 6 61 4 002,NP0661402
617,Chamunda Bindrasaini Nagarpalika,DAILEKH,Chamunda Bindrasaini,Nagarpalika,6,60606.0,524 6 61 3 002,NP0661302
618,Dullu Nagarpalika,DAILEKH,Dullu,Nagarpalika,6,60607.0,524 6 61 3 003,NP0661303
619,Dungeshwor Gaunpalika,DAILEKH,Dungeshwor,Gaunpalika,6,60610.0,524 6 61 4 006,NP0661406
620,Gurans Gaunpalika,DAILEKH,Gurans,Gaunpalika,6,60611.0,524 6 61 4 005,NP0661405
621,Mahabu Gaunpalika,DAILEKH,Mahabu,Gaunpalika,6,60602.0,524 6 61 4 003,NP0661403
622,Narayan Nagarpalika,DAILEKH,Narayan,Nagarpalika,6,60608.0,524 6 61 3 004,NP0661304
623,Naumule Gaunpalika,DAILEKH,Naumule,Gaunpalika,6,60601.0,524 6 61 4 004,NP0661404
624,Thantikandh Gaunpalika,DAILEKH,Thantikandh,Gaunpalika,6,60604.0,524 6 61 4 001,NP0661401
625,Barekot Gaunpalika,JAJARKOT,Barekot,Gaunpalika,6,60701.0,524 6 60 4 003,NP0660403
626,Bheri Nagarpalika,JAJARKOT,Bheri,Nagarpalika,6,60706.0,524 6 60 3 002,NP0660302
627,Chhedagad Nagarpalika,JAJARKOT,Chhedagad,Nagarpalika,6,60704.0,524 6 60 3 001,NP0660301
628,Junichande Gaunpalika,JAJARKOT,Junichande,Gaunpalika,6,60703.0,524 6 60 4 001,NP0660401
629,Kuse Gaunpalika,JAJARKOT,Kuse,Gaunpalika,6,60702.0,524 6 60 4 002,NP0660402
630,Shiwalaya Gaunpalika,JAJARKOT,Shiwalaya,Gaunpalika,6,60705.0,524 6 60 4 004,NP0660404
631,Nalagad Nagarpalika,JAJARKOT,Nalagad,Nagarpalika,6,60707.0,524 6 60 3 003,NP0660303
632,Chharka Tangsong Gaunpalika,DOLPA,Chharka Tangsong,Gaunpalika,6,60108.0,524 6 62 4 006,NP0662406
633,Dolpo Buddha Gaunpalika,DOLPA,Dolpo Buddha,Gaunpalika,6,60101.0,524 6 62 4 003,NP0662403
634,Jagadulla Gaunpalika,DOLPA,Jagadulla,Gaunpalika,6,60103.0,524 6 62 4 002,NP0662402
635,Kaike Gaunpalika,DOLPA,Kaike,Gaunpalika,6,60107.0,524 6 62 4 005,NP0662405
636,Mudkechula Gaunpalika,DOLPA,Mudkechula,Gaunpalika,6,60104.0,524 6 62 4 004,NP0662404
637,Shey Phoksundo Gaunpalika,DOLPA,Shey Phoksundo,Gaunpalika,6,60102.0,524 6 62 4 001,NP0662401
638,Thuli Bheri Nagarpalika,DOLPA,Thuli Bheri,Nagarpalika,6,60106.0,524 6 62 3 002,NP0662302
639,Tripurasundari Nagarpalika,DOLPA,Tripurasundari,Nagarpalika,6,60105.0,524 6 62 3 001,NP0662301
640,Chandannath Nagarpalika,JUMLA,Chandannath,Nagarpalika,6,60404.0,524 6 63 3 001,NP0663301
641,Guthichaur Gaunpalika,JUMLA,Guthichaur,Gaunpalika,6,60405.0,524 6 63 4 007,NP0663407
642,Hima Gaunpalika,JUMLA,Hima,Gaunpalika,6,60408.0,524 6 63 4 004,NP0663404
643,Kanakasundari Gaunpalika,JUMLA,Kanakasundari,Gaunpalika,6,60402.0,524 6 63 4 001,NP0663401
644,Patrasi Gaunpalika,JUMLA,Patrasi,Gaunpalika,6,60401.0,524 6 63 4 003,NP0663403
645,Sinja Gaunpalika,JUMLA,Sinja,Gaunpalika,6,60403.0,524 6 63 4 002,NP0663402
646,Tatopani Gaunpalika,JUMLA,Tatopani,Gaunpalika,6,60406.0,524 6 63 4 006,NP0663406
647,Tila Gaunpalika,JUMLA,Tila,Gaunpalika,6,60407.0,524 6 63 4 005,NP0663405
648,Kalika Gaunpalika,KALIKOT,Kalika,Gaunpalika,6,60509.0,524 6 64 4 005,NP0664405
649,Khandachakra Nagarpalika,KALIKOT,Khandachakra,Nagarpalika,6,60506.0,524 6 64 3 002,NP0664302
650,Mahawai Gaunpalika,KALIKOT,Mahawai,Gaunpalika,6,60508.0,524 6 64 4 006,NP0664406
651,Naraharinath Gaunpalika,KALIKOT,Naraharinath,Gaunpalika,6,60505.0,524 6 64 4 001,NP0664401
652,Pachaljharana Gaunpalika,KALIKOT,Pachaljharana,Gaunpalika,6,60502.0,524 6 64 4 003,NP0664403
653,Palata Gaunpalika,KALIKOT,Palata,Gaunpalika,6,60501.0,524 6 64 4 004,NP0664404
654,Raskot Nagarpalika,KALIKOT,Raskot,Nagarpalika,6,60503.0,524 6 64 3 001,NP0664301
655,Sanni Tribeni Gaunpalika,KALIKOT,Sanni Tribeni,Gaunpalika,6,60504.0,524 6 64 4 002,NP0664402
656,Tilagufa Nagarpalika,KALIKOT,Tilagufa,Nagarpalika,6,60507.0,524 6 64 3 003,NP0664303
657,Chhayanath Rara Nagarpalika,MUGU,Chhayanath Rara,Nagarpalika,6,60202.0,524 6 65 3 001,NP0665301
658,Khatyad Gaunpalika,MUGU,Khatyad,Gaunpalika,6,60204.0,524 6 65 4 001,NP0665401
659,Mugu mkarmarong Gaunpalika,MUGU,Mugu mkarmarong,Gaunpalika,6,60201.0,524 6 65 4 003,NP0665403
660,Soru Gaunpalika,MUGU,Soru,Gaunpalika,6,60203.0,524 6 65 4 002,NP0665402
661,Adanchuli Gaunpalika,HUMLA,Adanchuli,Gaunpalika,6,60306.0,524 6 66 4 007,NP0666407
662,Chankheli Gaunpalika,HUMLA,Chankheli,Gaunpalika,6,60301.0,524 6 66 4 005,NP0666405
663,Kharpunath Gaunpalika,HUMLA,Kharpunath,Gaunpalika,6,60302.0,524 6 66 4 003,NP0666403
664,Namkha Gaunpalika,HUMLA,Namkha,Gaunpalika,6,60304.0,524 6 66 4 001,NP0666401
665,Sarkegad Gaunpalika,HUMLA,Sarkegad,Gaunpalika,6,60305.0,524 6 66 4 004,NP0666404
666,Simkot Gaunpalika,HUMLA,Simkot,Gaunpalika,6,60303.0,524 6 66 4 002,NP0666402
667,Tanjakot Gaunpalika,HUMLA,Tanjakot,Gaunpalika,6,60307.0,524 6 66 4 006,NP0666406
668,Badimalika Nagarpalika,BAJURA,Badimalika,Nagarpalika,7,70106.0,524 7 68 3 002,NP0768302
669,Budhiganga Nagarpalika,BAJURA,Budhiganga,Nagarpalika,7,70108.0,524 7 68 3 003,NP0768303
670,Budhinanda Nagarpalika,BAJURA,Budhinanda,Nagarpalika,7,70103.0,524 7 68 3 001,NP0768301
671,Chhededaha Gaunpalika,BAJURA,Chhededaha,Gaunpalika,7,70107.0,524 7 68 4 003,NP0768403
672,Gaumul Gaunpalika,BAJURA,Gaumul,Gaunpalika,7,70102.0,524 7 68 4 002,NP0768402
673,Himali Gaunpalika,BAJURA,Himali,Gaunpalika,7,70101.0,524 7 68 4 001,NP0768401
674,Jagannath Gaunpalika,BAJURA,Jagannath,Gaunpalika,7,70105.0,524 7 68 4 004,NP0768404
675,Swami Kartik Gaunpalika,BAJURA,Swami Kartik,Gaunpalika,7,70104.0,524 7 68 4 005,NP0768405
676,Tribeni Nagarpalika,BAJURA,Tribeni,Nagarpalika,7,70109.0,524 7 68 3 004,NP0768304
677,Khaptad National Park,BAJURA,Khaptad National Park,National Park,7,,524 7 68 5 997,NP0768597
678,Bithadchir Gaunpalika,BAJHANG,Bithadchir,Gaunpalika,7,70210.0,524 7 67 4 004,NP0767404
679,Bungal Nagarpalika,BAJHANG,Bungal,Nagarpalika,7,70202.0,524 7 67 3 001,NP0767301
680,Chabispathivera Gaunpalika,BAJHANG,Chabispathivera,Gaunpalika,7,70207.0,524 7 67 4 007,NP0767407
681,Durgathali Gaunpalika,BAJHANG,Durgathali,Gaunpalika,7,70208.0,524 7 67 4 006,NP0767406
682,JayaPrithivi Nagarpalika,BAJHANG,JayaPrithivi,Nagarpalika,7,70206.0,524 7 67 3 002,NP0767302
683,Saa Paal Gaunpalika,BAJHANG,Saa Paal,Gaunpalika,7,70201.0,524 7 67 4 001,NP0767401
684,Kedarseu Gaunpalika,BAJHANG,Kedarseu,Gaunpalika,7,70209.0,524 7 67 4 005,NP0767405
685,Khaptadchhanna Gaunpalika,BAJHANG,Khaptadchhanna,Gaunpalika,7,70212.0,524 7 67 4 010,NP0767410
686,Masta Gaunpalika,BAJHANG,Masta,Gaunpalika,7,70205.0,524 7 67 4 008,NP0767408
687,Surma Gaunpalika,BAJHANG,Surma,Gaunpalika,7,70203.0,524 7 67 4 002,NP0767402
688,Talkot Gaunpalika,BAJHANG,Talkot,Gaunpalika,7,70204.0,524 7 67 4 003,NP0767403
689,Thalara Gaunpalika,BAJHANG,Thalara,Gaunpalika,7,70211.0,524 7 67 4 009,NP0767409
690,Khaptad National Park,BAJHANG,Khaptad National Park,National Park,7,,524 7 67 5 997,NP0767597
691,Bannigadhi Jayagadh Gaunpalika,ACHHAM,Bannigadhi Jayagadh,Gaunpalika,7,70707.0,524 7 69 4 003,NP0769403
692,Chaurpati Gaunpalika,ACHHAM,Chaurpati,Gaunpalika,7,70705.0,524 7 69 4 001,NP0769401
693,Dhakari Gaunpalika,ACHHAM,Dhakari,Gaunpalika,7,70709.0,524 7 69 4 005,NP0769405
694,Kamalbazar Nagarpalika,ACHHAM,Kamalbazar,Nagarpalika,7,70708.0,524 7 69 3 003,NP0769303
695,Mangalsen Nagarpalika,ACHHAM,Mangalsen,Nagarpalika,7,70706.0,524 7 69 3 002,NP0769302
696,Mellekh Gaunpalika,ACHHAM,Mellekh,Gaunpalika,7,70703.0,524 7 69 4 002,NP0769402
697,Panchadewal Binayak Nagarpalika,ACHHAM,Panchadewal Binayak,Nagarpalika,7,70701.0,524 7 69 3 004,NP0769304
698,Ramaroshan Gaunpalika,ACHHAM,Ramaroshan,Gaunpalika,7,70702.0,524 7 69 4 004,NP0769404
699,Sanphebagar Nagarpalika,ACHHAM,Sanphebagar,Nagarpalika,7,70704.0,524 7 69 3 001,NP0769301
700,Turmakhad Gaunpalika,ACHHAM,Turmakhad,Gaunpalika,7,70710.0,524 7 69 4 006,NP0769406
701,Khaptad National Park,ACHHAM,Khaptad National Park,National Park,7,,524 7 69 5 997,NP0769597
702,Adharsha Gaunpalika,DOTI,Adharsha,Gaunpalika,7,70603.0,524 7 70 4 001,NP0770401
703,Badikedar Gaunpalika,DOTI,Badikedar,Gaunpalika,7,70608.0,524 7 70 4 006,NP0770406
704,Bogtan Gaunpalika,DOTI,Bogtan,Gaunpalika,7,70607.0,524 7 70 4 007,NP0770407
705,Dipayal Silgadi Nagarpalika,DOTI,Dipayal Silgadi,Nagarpalika,7,70605.0,524 7 70 3 002,NP0770302
706,Jorayal Gaunpalika,DOTI,Jorayal,Gaunpalika,7,70609.0,524 7 70 4 004,NP0770404
707,K I Sin Gaunpalika,DOTI,K I Sin,Gaunpalika,7,70606.0,524 7 70 4 005,NP0770405
708,Purbichauki Gaunpalika,DOTI,Purbichauki,Gaunpalika,7,70601.0,524 7 70 4 003,NP0770403
709,Sayal Gaunpalika,DOTI,Sayal,Gaunpalika,7,70602.0,524 7 70 4 002,NP0770402
710,Shikhar Nagarpalika,DOTI,Shikhar,Nagarpalika,7,70604.0,524 7 70 3 001,NP0770301
711,Khaptad National Park,DOTI,Khaptad National Park,National Park,7,,524 7 70 5 997,NP0770597
712,Bardagoriya Gaunpalika,KAILALI,Bardagoriya,Gaunpalika,7,70806.0,524 7 71 4 005,NP0771405
713,Bhajani Nagarpalika,KAILALI,Bhajani,Nagarpalika,7,70811.0,524 7 71 3 004,NP0771304
714,Chure Gaunpalika,KAILALI,Chure,Gaunpalika,7,70802.0,524 7 71 4 001,NP0771401
715,Dhangadhi Upamahanagarpalika,KAILALI,Dhangadhi,Upamahanagarpalika,7,70813.0,524 7 71 2 001,NP0771201
716,Gauriganga Nagarpalika,KAILALI,Gauriganga,Nagarpalika,7,70804.0,524 7 71 3 002,NP0771302
717,Ghodaghodi Nagarpalika,KAILALI,Ghodaghodi,Nagarpalika,7,70805.0,524 7 71 3 003,NP0771303
718,Godawari Nagarpalika,KAILALI,Godawari,Nagarpalika,7,70803.0,524 7 71 3 001,NP0771301
719,Janaki Gaunpalika,KAILALI,Janaki,Gaunpalika,7,70808.0,524 7 71 4 006,NP0771406
720,Joshipur Gaunpalika,KAILALI,Joshipur,Gaunpalika,7,70809.0,524 7 71 4 004,NP0771404
721,Kailari Gaunpalika,KAILALI,Kailari,Gaunpalika,7,70812.0,524 7 71 4 002,NP0771402
722,Lamkichuha Nagarpalika,KAILALI,Lamkichuha,Nagarpalika,7,70807.0,524 7 71 3 006,NP0771306
723,Mohanyal Gaunpalika,KAILALI,Mohanyal,Gaunpalika,7,70801.0,524 7 71 4 003,NP0771403
724,Tikapur Nagarpalika,KAILALI,Tikapur,Nagarpalika,7,70810.0,524 7 71 3 005,NP0771305
725,Bedkot Nagarpalika,KANCHANPUR,Bedkot,Nagarpalika,7,70903.0,524 7 72 3 003,NP0772303
726,Belauri Nagarpalika,KANCHANPUR,Belauri,Nagarpalika,7,70908.0,524 7 72 3 006,NP0772306
727,Beldandi Gaunpalika,KANCHANPUR,Beldandi,Gaunpalika,7,70909.0,524 7 72 4 001,NP0772401
728,Bhimdatta Nagarpalika,KANCHANPUR,Bhimdatta,Nagarpalika,7,70904.0,524 7 72 3 002,NP0772302
729,Krishnapur Nagarpalika,KANCHANPUR,Krishnapur,Nagarpalika,7,70901.0,524 7 72 3 005,NP0772305
730,Laljhadi Gaunpalika,KANCHANPUR,Laljhadi,Gaunpalika,7,70906.0,524 7 72 4 002,NP0772402
731,Mahakali Nagarpalika,KANCHANPUR,Mahakali,Nagarpalika,7,70905.0,524 7 72 3 001,NP0772301
732,Punarbas Nagarpalika,KANCHANPUR,Punarbas,Nagarpalika,7,70907.0,524 7 72 3 007,NP0772307
733,Shuklaphanta Nagarpalika,KANCHANPUR,Shuklaphanta,Nagarpalika,7,70902.0,524 7 72 3 004,NP0772304
734,Shuklaphanta National Park,KANCHANPUR,Shuklaphanta National Park,National Park,7,,524 7 72 5 997,NP0772597
735,Ajaymeru Gaunpalika,DADELDHURA,Ajaymeru,Gaunpalika,7,70503.0,524 7 73 4 002,NP0773402
736,Alital Gaunpalika,DADELDHURA,Alital,Gaunpalika,7,70506.0,524 7 73 4 004,NP0773404
737,Amargadhi Nagarpalika,DADELDHURA,Amargadhi,Nagarpalika,7,70502.0,524 7 73 3 002,NP0773302
738,Bhageshwar Gaunpalika,DADELDHURA,Bhageshwar,Gaunpalika,7,70504.0,524 7 73 4 001,NP0773401
739,Ganayapdhura Gaunpalika,DADELDHURA,Ganayapdhura,Gaunpalika,7,70507.0,524 7 73 4 005,NP0773405
740,Nawadurga Gaunpalika,DADELDHURA,Nawadurga,Gaunpalika,7,70501.0,524 7 73 4 003,NP0773403
741,Parashuram Nagarpalika,DADELDHURA,Parashuram,Nagarpalika,7,70505.0,524 7 73 3 001,NP0773301
742,Dasharathchanda Nagarpalika,BAITADI,Dasharathchanda,Nagarpalika,7,70405.0,524 7 74 3 001,NP0774301
743,Dilasaini Gaunpalika,BAITADI,Dilasaini,Gaunpalika,7,70401.0,524 7 74 4 001,NP0774401
744,Dogadakedar Gaunpalika,BAITADI,Dogadakedar,Gaunpalika,7,70402.0,524 7 74 4 002,NP0774402
745,Melauli Nagarpalika,BAITADI,Melauli,Nagarpalika,7,70408.0,524 7 74 3 003,NP0774303
746,Pancheshwar Gaunpalika,BAITADI,Pancheshwar,Gaunpalika,7,70406.0,524 7 74 4 004,NP0774404
747,Patan Nagarpalika,BAITADI,Patan,Nagarpalika,7,70409.0,524 7 74 3 004,NP0774304
748,Purchaudi Nagarpalika,BAITADI,Purchaudi,Nagarpalika,7,70403.0,524 7 74 3 002,NP0774302
749,Shivanath Gaunpalika,BAITADI,Shivanath,Gaunpalika,7,70407.0,524 7 74 4 005,NP0774405
750,Sigas Gaunpalika,BAITADI,Sigas,Gaunpalika,7,70410.0,524 7 74 4 006,NP0774406
751,Surnaya Gaunpalika,BAITADI,Surnaya,Gaunpalika,7,70404.0,524 7 74 4 003,NP0774403
752,Apihimal Gaunpalika,DARCHULA,Apihimal,Gaunpalika,7,70305.0,524 7 75 4 003,NP0775403
753,Byas Gaunpalika,DARCHULA,Byas,Gaunpalika,7,70301.0,524 7 75 4 001,NP0775401
754,Dunhu Gaunpalika,DARCHULA,Dunhu,Gaunpalika,7,70302.0,524 7 75 4 002,NP0775402
755,Lekam Gaunpalika,DARCHULA,Lekam,Gaunpalika,7,70309.0,524 7 75 4 006,NP0775406
756,Mahakali Nagarpalika,DARCHULA,Mahakali,Nagarpalika,7,70303.0,524 7 75 3 001,NP0775301
757,Malikaarjun Gaunpalika,DARCHULA,Malikaarjun,Gaunpalika,7,70308.0,524 7 75 4 004,NP0775404
758,Marma Gaunpalika,DARCHULA,Marma,Gaunpalika,7,70306.0,524 7 75 4 007,NP0775407
759,Naugad Gaunpalika,DARCHULA,Naugad,Gaunpalika,7,70304.0,524 7 75 4 005,NP0775405
760,Shailyashikhar Nagarpalika,DARCHULA,Shailyashikhar,Nagarpalika,7,70307.0,524 7 75 3 002,NP0775302
761,Binayee Tribeni Gaunpalika,NAWALPARASI_E,Binayee Tribeni,Gaunpalika,4,40808.0,524 4 47 4 004,NP0447404
762,Bulingtar Gaunpalika,NAWALPARASI_E,Bulingtar,Gaunpalika,4,40802.0,524 4 47 4 002,NP0447402
763,Bungdikali Gaunpalika,NAWALPARASI_E,Bungdikali,Gaunpalika,4,40803.0,524 4 47 4 001,NP0447401
764,Devchuli Nagarpalika,NAWALPARASI_E,Devchuli,Nagarpalika,4,40805.0,524 4 47 3 003,NP0447303
765,Gaidakot Nagarpalika,NAWALPARASI_E,Gaidakot,Nagarpalika,4,40801.0,524 4 47 3 004,NP0447304
766,Hupsekot Gaunpalika,NAWALPARASI_E,Hupsekot,Gaunpalika,4,40804.0,524 4 47 4 003,NP0447403
767,Kawasoti Nagarpalika,NAWALPARASI_E,Kawasoti,Nagarpalika,4,40806.0,524 4 47 3 002,NP0447302
768,Madhyabindu Nagarpalika,NAWALPARASI_E,Madhyabindu,Nagarpalika,4,40807.0,524 4 47 3 001,NP0447301
769,Chitawan National Park,NAWALPARASI_E,Chitawan National Park,National Park,4,,524 4 47 5 997,NP0447597
770,Bhume Gaunpalika,RUKUM_E,Bhume,Gaunpalika,5,50103.0,524 5 52 4 003,NP0552403
771,Putha Uttarganga Gaunpalika,RUKUM_E,Putha Uttarganga,Gaunpalika,5,50101.0,524 5 52 4 002,NP0552402
772,Sisne Gaunpalika,RUKUM_E,Sisne,Gaunpalika,5,50102.0,524 5 52 4 001,NP0552401
773,Dhorpatan Hunting Reserve,RUKUM_E,Dhorpatan Hunting Reserve,Hunting Reserve,5,,524 5 52 5 998,NP0552598
774,Parsa Wildlife Reserve,PARSA,Parsa Wildlife Reserve,Wildlife Reserve,2,,524 2 34 5 995,NP0234595
775,Chitawan National Park,PARSA,Chitawan National Park,National Park,2,,524 2 34 5 997,NP0234597
776,Rolpa Nagarpalika,ROLPA,Rolpa,Nagarpalika,5,50207.0,524 5 54 3 001,NP0554301
777,Musikot Nagarpalika,RUKUM_W,Musikot,Nagarpalika,6,60804.0,524 6 52 3 003,NP0652303
